hashtags,urls
"['Colbert', 'statues', 'GenerationAdama']",[]
[],[]
"['climatechange', 'forests', 'ClimateChange', 'ClimateCrisis', 'ClimateActionNow']",[]
,
"['BlackLivesMatter', 'BidenHarrisLandslide2020', 'Biden', 'Covid_19', 'Corona']",[]
"['ClimateChange', 'ClimateAction', 'ClimateCrisis']",[]
[],[]
,
"['ClimateChange', 'ClimateCrisis', 'ClimateAction']",[]
,
"['ClimateChange', 'ClimateAction']",[]
,['']
"['Trump', 'VoteBidenHarris', 'FAIL']",[]
"['HumanRights', 'HumanRightsViolations', 'ICantBreathe']",[]
"['coronavirus', 'COVID19']",[]
"['HumanRights', 'HumanRightsViolations']",['https://timesofindia.indiatimes.com/blogs/mind-the-gap/the-global-human-rights-regime-needs-to-be-revamped/']
[],[]
"['UnitedNations', 'HumanRights', 'ClimateChange', 'asylum']",['https://news.un.org/en/story/2020/01/1055671']
"['HumanRights', 'HumanRightsViolations']",[]
"['IraqProtests', 'Iraqi', 'Iraq', 'IraqMillionManMarch', 'HumanRights', 'Humanviolation']",[]
[],[]
['PortlandProtest'],[]
"['25thAmendmentNow', 'TrumpStroke']",[]
"['TrumpHatesOurMilitary', 'TrumpIsALoser', 'TrumpHatesVets']",[]
"['IfImHavingABadDay', 'MondayMorning', 'MondayMotivation']",['https://www.forbes.com/sites/chuckjones/2019/07/05/trump-is-falling-almost-1-million-jobs-short-vs-obama/#16934db08caa']
['MoscowHunter'],[]
"['USA', 'WakeUpAmerica']",[]
"['OhioUniversity', 'KaitlinBennet']",[]
[],[]
"['Trump', 'BlacklivesStillMatter', 'TrumpIsALiar']",[]
"['MichiganPrimary', 'MichiganPrimary', 'MichiganForBernie', 'MissouriPrimary']",['https://www.huffpost.com/entry/working-families-party-endorses-bernie-sanders-2020-democratic-presidential-primary_n_5e65dc9bc5b6670e72fa63a9']
"['FelizLunesATodos', '27Julio', 'BuenosDiasATodos']",[]
"['coronavirus', 'ResignNowtrump']",[]
['YouMayHaveALowIQ'],[]
['TrumpBooedAgain'],['https://slate.com/news-and-politics/2019/10/donald-trump-booed-world-series-us-open-veterans-impeachment.html']
"['ColombiaLivesMatter', 'bogota', 'ColombiaEnAlertaRoja']",[]
['ImpeachingHearings'],[]
['TrumpTapes'],[]
['YouMayHaveALowIQ'],[]
"['Acosta', 'AcostaMustGo']",[]
"['Palestina', 'FreePalestine', 'Palestinewillbefree']",[]
"['Palestina', 'FreePalestine', 'PalestinaLibre']",[]
[],[]
"['Trump2020', 'MAGA']",[]
"['WWG1GWA', 'wwg1wga', 'Trump2020', 'Trump2020LandslideVictory']",[]
"['TrumpResignNow', 'troops', 'TrumpHatesOurMilitary']",[]
"['Palestina', 'FreePalestine', 'PalestinaLibre']",[]
"['PleaseNeverCancel', 'TrumpIsNotWell']",[]
"['SaudiArabia', 'Saudi', 'SaudiAramco', 'MiddleEast']",[]
"['Palestina', 'FreePalestine', 'PalestinaLibre']",[]
"['Iraqi', 'IraqiRevolution', 'Iraq', 'IraqProtests']",[]
"['US', 'Iranian', 'Iran', 'USA', 'usvsiran', 'IranvsUSA']",[]
"['Palestina', 'FreePalestine', 'PalestinaLibre']",[]
"['LetItBe2021', 'NeoClassic', 'COVID19']",[]
"['Palestine', 'PalestineWillBeFree', 'HumanRights', 'FreePalestine']",[]
['JoeBiden'],[]
"['FakeNewsMedia', 'Americans', 'FakeNewsCNN']",[]
['WarOnThanksgiving'],[]
"['LadyGaga', 'ENIGMA', 'GagaVegas']",[]
"['impeachment', 'NancyIsABoss', 'SOTU']",[]
"['Trump', 'TrumpIsGuilty']",[]
['SpaceForce'],[]
"['BarronTrump', 'RNCConvention2020', 'Trump2020LandslideVictory']",[]
['LockHimUp'],[]
"['Republican', 'TrumpCrimeFamilyForPrison', 'TrumpIsAnIdiot']",[]
[],['https://indianexpress.com/article/pakistan/629-pakistani-girls-sold-as-brides-to-china-6178692/']
['TrumpWantsToInfectUs'],[]
"['SeattleProtest', 'chazseattle']",[]
[],[]
"['Palestine', 'PalestineWillBeFree', 'FreePalestine']",[]
['TrumpKnewAndDidNothing'],[]
"['HumanRightsViolations', 'Humanity', 'Humanrights', 'humanrightsactivists']",[]
"['HumanRights', 'Israel', 'HumanRightsViolations']",[]
"['HumanRights', 'HumanRightsViolations', 'Saudi', 'SaudiArabia']",[]
"['China', 'HumanRightsDay', 'EUdelegation']",['https://www.netherlandsandyou.nl/latest-news/news/2019/12/10/statement-of-the-eu-delegation-in-china-on-international-human-rights-day']
[],[]
"['TrumpIsATraitor', 'TrumpHatesOurVeterans', 'Trump']",[]
"['COVID19', 'TrumpVaccineIsALie', 'TrumpVirus2020', 'BidenHarris']",[]
"['TrumpAmerica', 'realDonaldTrump']",[]
[],[]
['حکایت'],[]
['ریتوییت'],[]
[],[]
[],[]
['TrumpDoesntCare'],[]
['سعدی'],[]
[],[]
[],[]
[],[]
[],[]
[],[]
[],[]
[],[]
[],[]
['TerimaKasihGuru'],[]
"['Arbaeen2020', 'ArbainHusain']",[]
['MaulidNabi2020'],[]
['HariIbu'],[]
['MaulidNabi2020'],[]
"['IngatlahAllahMahaMelihat', '62DaruratKeadilan']",[]
['TerimaKasihGuru'],[]
[],[]
"['GuaidoEstafador', 'VenezuelaLevantate', 'VenezuelaEnDefensaVictoriosa']",[]
"['empire', 'debate2020']",['http://thealtworld.com/caitlin_johnston/russia-could-never-discredit-the-us-empire-the-way-these-guys-just-did']
['TerimaKasihGuru'],[]
[],[]
"['BeirutBlast', 'Lebanon', 'Israel']",[]
"['2020Election', 'flakespower', 'Flake', 'RBGRevolution']",['https://twitter.com/i/events/1307424962383237120']
"['TrumpIsANationalDisgrace', 'tiktokban', 'TheTruthAboutIvanka']",[]
['BelaNegara'],[]
"['Israël', 'Liban']",['http://thealtworld.com/elijah_magnier/pas-de-guerre-israelienne-contre-le-liban-avant-les-prochaines-elections-americaines']
[],[]
[],[]
[],[]
[],[]
"['PalestineWillBeFree', 'PalestineResistance', 'Palestine']",[]
"['IsraelBahrain', 'البحرين', 'SaturdayThoughts']",[]
[],[]
['positivethinking'],[]
[],[]
['JuneWish'],[]
"['parents', 'Children', 'kids', 'solutions']",[]
"['icantbreathe', 'IndonesiaDaruratKomunis']",[]
[],[]
"['Netanyahu', 'Israel', 'UAEIsrael', 'Jewish', 'Arab', 'SaturdayMorning']",[]
[],[]
"['ngakak', 'fun']",[]
"['BuenosDiasATodos', 'FelizMartesATodos', '18Agosto']",[]
[],[]
"['Palestine', 'FreePalestine', 'PalestinianLivesMatter']",[]
[],[]
"['Palestinian', 'Israeli', 'Palestine', 'HumanRights', 'humanity', 'Palestinians']",[]
['DumpTrump2020'],[]
"['Israel', 'US', 'Israeli', 'UnitedStates']",[]
"['Palestinian', 'FreePalestine', 'trumpspeaceplan']",[]
"['Palestine', 'PortlandProtest', 'IsAConspiracyTheory', 'LetsGetNaugthy']",[]
"['PalestinaLibre', 'freepalastine', '22Febrero']",[]
"['PalestinianLivesMatter', 'PalestinaLibre', 'Palestina']",[]
"['GeorgeFloydMurder', 'GeorgeFloydWasMurdered', 'Minneapolis']",[]
"['VenezuelaAElecciones', 'COVID19', 'coronavirus']",[]
"['BolsonaroReeleito', 'Brasil', 'COVID19']",[]
[],[]
['rabusambat'],[]
[],[]
"['Jumat', 'JumatBerkah']",[]
[],[]
[],[]
[],[]
[],[]
[],[]
[],[]
[],[]
[],[]
[],[]
[],[]
['JumatBerkah'],[]
[],[]
[],[]
"['Palestine', 'PalestineResistance', 'PalestineWillBeFree', 'malamjumat', 'LailatulQadr']",[]
['malamminggu'],['https://islam.nu.or.id/post/read/104452/dampak-negatif-maksiat-dan-tips-menghindarinya']
[],[]
[],[]
[],[]
[],[]
[],[]
['ShameOnAungSanSuuKyi'],[]
"['ایران_شاه_میخواد', 'وعده_ما_پنجم_دی']",[]
['คู่แสบอ๊อฟจีนส์'],[]
['MessengerOFUnity'],[]
['FailedModernSlavery'],[]
['ShameOnAungSanSuuKyi'],[]
['jumatpuisi'],[]
"['Palestine', 'PalestineWillBeFree']",[]
[],[]
['BelaMuhammad'],[]
['LiveLikeAli'],[]
['ThePromisedSaviour'],[]
['UAEBetraysPalestine'],[]
['HijrahSelamatkanIndonesia'],['http://www.muslimoderat.net/2019/03/ulama-mesir-heran-ada-orang-indonesia.html?m=1']
"['handsanitizer', 'CoronaStopKaroNa', 'CoronaIndonesia', 'CoronaJancuk']",[]
"['احمدي_نژاد', 'انقلابی', 'بهار']",[]
[],[]
[],[]
['toleransiberagama'],[]
[],[]
"['InternationalJusticeDay', 'HariKeadilanInternasional']",[]
"['parenting', 'mondaythoughts', 'Ramadhan']",[]
['minggupagi'],[]
"['FreePalestine', 'TungguTanggalMainnya']",[]
[],[]
['CRAVITY'],[]
['SaturdayMorning'],['https://www.independent.co.uk/voices/trump-administration-detention-indefinite-children-cages-flu-vaccine-custody-deaths-a9075181.html']
['PelosiOwnsTrump'],[]
['TrumpKillsPuertoRico'],[]
"['LockdownEnd', 'CourageisBeautiful']",[]
['AlienDNA'],[]
"['COVID19', 'TrumpRally', 'COVID19']",[]
['مریم_رجوی_گوه_خورد'],[]
[],['http://cle.clinic/2BREuFk']
['BernieWon'],[]
[],[]
"['PPEshortage', 'coronavirus', 'QuarentineLife']",['https://nymag.com/intelligencer/2020/03/gop-senator-no-more-than-3-4-of-our-population-may-die.html']
['ImpeachingHearing'],[]
[],[]
['LetHerSpeak'],[]
['SaturdayMorning'],['https://twitter.com/thehill/status/1210906512530575361']
['TikTok'],[]
['NationalCheeseburgerDay'],[]
['Canela'],[]
"['TrumpVirus', 'COVID19', 'trumpvirus']",[]
"['FelizDomingo', '26Julio', 'BuenasNochesATodos']",[]
['challenger'],[]
"['BuenasNoches', 'animals', 'FelizJueves']",[]
[],[]
[],[]
"['BuenasNoches', 'FelizViernes', '14agosto']",[]
['birthcontrol'],[]
[],[]
"['loneliness', 'COVID19']",[]
"['WomenAgainstTrump', 'ReplaceEllen', 'DearMichigan', 'ProudOfTaylor']",[]
"['TrumpHasNoPlan', 'BillClintonIsAPedo', 'LGBTQIbaes', 'WeBackDurbin']",[]
"['felizmartesatodos', 'BuenosDiasMundo', '25agosto']",[]
"['CoryBooker', 'TrumpIsNotWell', 'JoeBiden']",['https://www.nj.com/politics/2020/09/trump-keeps-claiming-biden-will-bring-crime-to-the-suburbs-and-cory-booker-will-lead-the-way.html']
"['HumanRights', 'HumanRightsViolations', 'annexation']",[]
['RuthBaderGinsberg'],[]
"['HumanRights', 'HongKong']",['https://twitter.com/i/status/1223365402006302721']
"['HumanRights', 'HumanRightsViolations', 'TrumpDictatorship', 'TrumpIsUnwell']",[]
"['TrumpLied200KAmericansdied', 'TrumpVirus', 'Trump', 'COVID19']",['https://www.tagesspiegel.de/politik/200-000-corona-tote-in-den-usa-und-trump-lobt-sich-wir-haben-millionen-leben-gerettet/26210116.html']
"['TrumpMeltdown', 'Trump', 'USA']",[]
[],[]
"['coronavirus', 'COVID19']",['https://www.thegatewaypundit.com/2020/04/video-day-arguing-president-trump-cbs-reporter-paula-reid-told-four-times-leave-coronavirus-survivor-meeting/']
"['TrumpRally', 'TrumpDepression', 'TrumpResignNow']",[]
"['VoteBlueToEndThisNightmare', 'JoeBiden']",[]
[],[]
[],[]
['العراق_اقوی'],[]
['المتظاهرین_مع_الحشد'],[]
"['الهند_تضطهد_المسلمین', 'MuslimsGenocideInIndiaAndIOK']",[]
[],[]
['عراقي_ومن_حقي_أسأل'],[]
"['Mrpresident', 'TrumpIsARapist']",[]
['المتظاهرین_مع_الحشد'],[]
"['Trump', 'PortlandProtests']",[]
"['جمعة_طرد_المحتل', 'ثوره_العشرين_الثانيه_2020']",[]
['المتظاهرین_مع_الحشد'],[]
['بغداد'],[]
['مليونية_سيادة_العراق'],[]
['مليونية_سيادة_العراق'],[]
['العراق_اقوی'],[]
"['BidenHarrisLandslide2020', 'BidenHarris2020', 'COVID__19', 'Israel']",[]
['المتظاهرین_مع_الحشد'],[]
"['Covid_19', 'COVIDIOTS', 'coronavirus', 'Trump', 'protesters']",[]
"['Change', 'BlackOpsColdWar']",['https://www.youtube.com/watch?v=3UomrCsPtdI']
['صفقة_التطبيع'],[]
['العراق_أقوى'],[]
['JeSoutiensMélenchon'],[]
"['BlackLivesMatter', 'USA', 'JusticePourAdama', 'georgefloyd']",[]
,
"['ClimateChange', 'ClimateCrisis', 'ClimateEmergency']",[]
"['ClimateChange', 'ClimateCrisis', 'ClimateEmergency']",[]
,
,
"['ClimateChange', 'ClimateAction', 'ClimateCrisis']",[]
,
"['ClimateCrisis', 'ClimateChange']",['https://phys.org/news/2020-04-great-barrier-reef-worst-ever-coral.html']
['NBCBlackout'],[]
"['ClimateChange', 'ClimateAction', 'ClimateCrisis', 'renewables']",[]
[],[]
[],['https://path.com/p/2VEqyP']
"['ClimateChange', 'ClimateEmergency', 'ClimateAction']",[]
"['trumpknew', 'TrumpHidTheTruth']",[]
['ScaliseResign'],[]
['FakePresident'],[]
['palestine'],[]
"['HumanRights', 'HumanRightsViolations']",['https://euobserver.com/opinion/148169']
"['Beirut', 'wrongtrump', 'LebanonExplosion']",[]
"['HumanRights', 'HumanRightsViolations', 'Chileanpolice']",[]
"['TrumpMeltdown', 'TrumpTaxReturns', 'LockHimUp', 'TrumpIsBroke']",[]
"['HumanRights', 'TrumpResignNow', 'Trump']",[]
"['Israel', 'HumanRights']",[]
"['TrumpReadsAMap', 'VoteTrumpOut']",[]
"['coronavirus', 'HumanRights', 'HumanRightsViolations']",['https://www.un.org/en/un-coronavirus-communications-team/protecting-human-rights-amid-covid-19-crisis']
"['United_Nations', 'Palestine', 'QudsDay', 'Israel']",[]
"['HumanRights', 'womenrights', 'Genderequality']",[]
[],[]
[],[]
[],['https://twitter.com/fate____meh/status/990301321042554886']
[],[]
['LiberalismIsTheRealPandemic'],[]
[],[]
"['BlackLivesMatter', 'racism', 'TrumpViolence', 'MorningJoe']",[]
"['RussianRon', 'BlackLivesMatter', 'TrumpRiots', 'TrumpFailed']",[]
"['TrumpHasNoPlan', 'VoteBlueToSaveAmerica', 'TrumpRecession']",[]
"['TrumpHasNoPlan', 'COVID19', 'VoteOutRacism']",[]
"['HappyBirthdayNiall', 'TrumpBoatParade', 'TrumpKnew', 'BidenHarrisLandslide2020', 'VoteForBidenHarris']",[]
"['TrumpVaccineIsALie', 'BidenHarris', 'BlackLivesMatter']",[]
[],[]
"['VoteRedToSaveAmerica', 'SaveOurChildren', 'Trump2020']",[]
"['BuenasNoches', 'FelizMiércoles', '2Sep']",[]
[],[]
['ObamaGate'],[]
['trump'],[]
[],[]
"['TraitorTrump', 'PutinsPuppet', 'TrumpTreason']",[]
[],[]
"['CNNSOTU', 'COVIDIOT', 'TrumpVirus', 'TrumpLiesPeopleDie']",[]
"['BuenosDiasMundo', 'BuenosAires', 'FelizLunesATodos']",[]
[],['https://www.nytimes.com/2019/10/11/opinion/letters/trump-mental.html']
"['Minneapolis', 'GeorgeFlyod', 'minniapolis']",[]
['Trumpspeech'],[]
['TrumpIsACoward'],[]
['WhatMenDontKnowAboutWomen'],[]
[],[]
[],[]
"['IStandWithPresTrump', 'IStandWithIlhan']",[]
['LeftHandersDay'],[]
"['Palestinian', 'FreePalestine', 'Palestina']",[]
"['Palestina', 'FreePalestine', 'PalestinaLibre']",[]
"['InterruptTrump', 'BlameTrump', 'derecho']",[]
['LebanonProtests'],[]
"['coronavirus', 'usaCoronavirus', 'CoronaUpdate', 'CoronaVillains']",[]
[],[]
"['SheHasMoreBallsThanYou', 'HandsOffMyBC', 'Vote4TrumpOr']",[]
['ری_استارت'],['http://voiceofrestart.peek.link/h2e']
"['Palestina', 'FreePalestine', 'PalestinaLibre']",[]
"['TrumpWearsAdultDiapers', 'TrumpIsNotWell']",[]
"['BwelldrinksxGulf', 'NationalLighthouseDay', 'TrumpHoaxedAmerica', 'blackout']",[]
"['US', 'Iraq', 'Iraqi', 'IraqWar']",[]
"['Iran', 'Turkey', 'Syria', 'SyrianArmy', 'Syrians']",[]
"['Palestina', 'FreePalestine', 'PalestinaLibre']",[]
"['Palestina', 'FreePalestine', 'PalestinaLibre']",[]
"['Palestina', 'FreePalestine', 'PalestinaLibre']",[]
"['PalestineMustLive', 'PalestinianLivesMatter', 'Palestina']",[]
"['COVID19', 'CoronavirusUSA', 'CoronaVirusUpdate', 'COVID2019']",[]
"['MyPresident', 'PutinsPuppet', 'ObamaWasBetterAtEverything']",[]
"['US', 'Iranian', 'Iraqi', 'usvsiran', 'IranvsUSA']",[]
['FailedModernSlavery'],[]
[],[]
"['Ivanka', 'Turkey', 'Erdogan', 'TrumpTowers']",[]
"['PalestineWillBeFree', 'Palestine']",[]
['TrumpHidTheTruth'],[]
['KoreanWar'],[]
"['IvankaResign', 'unwantedivanka']",[]
"['ArbainHusein', 'Arbaeen2020']",[]
"['VinceVaughn', 'Trump']",[]
"['Palestine', 'PalestineWillBeFree']",[]
"['FoxNewsLiedAsPeopleDied', 'CoronavirusPandemic']",[]
"['WallStreetPete', 'PetesBillionaires', 'NHprimary2020']",['https://www.forbes.com/sites/michelatindera/2019/12/21/here-are-the-billionaires-backing-pete-buttigiegs-presidential-campaign/#438219b85fc6']
"['ThursdayMotivation', 'thursdayvibes', 'ThursdayThoughts']",[]
[],[]
"['HadEnough', 'VoteBlueToSaveAmerica2020', 'BlackLivesMatter']",[]
['TrumpIsUnwell'],[]
['trumpdictatorship'],[]
"['USNavy', 'TrumpKillsUSTroops']",[]
['IfJesusReturned'],[]
"['ColinKaepernick', 'GeorgeFloyd', 'MinneapolisPoliceMurderdHim']",[]
['WhyTrumpMightQuit'],[]
"['BlackLivesMatter', 'coronavirus']",[]
"['Trump', 'Biden', 'VoteBiden', 'VoteEarly']",['https://www.nytimes.com/2020/10/20/us/politics/biden-trump-times-poll.html']
[],[]
[],[]
"['coronavirus', 'Covid_19']",[]
[],[]
['NBCBlackout'],['https://variety.com/2020/politics/news/trump-town-hall-protest-nbc-1234806089/']
[],[]
"['HumanRights', 'HumanRightsViolations']",[]
[],[]
"['TrumpMeltdown', 'Trump2020Landslide', 'Trump', 'USA']",[]
['PortlandKidnappings'],[]
"['HumanRights', 'Covid_19']",['https://www.hrw.org/news/2020/03/19/human-rights-dimensions-covid-19-response#']
"['coronavirus', 'COVID19']",[]
"['coronavirus', 'HumanRights']",['https://www.newstatesman.com/politics/uk/2020/03/emergency-laws-human-rights-pandemic-coronavirus']
"['HumanRightsViolations', 'Humanrights', 'HongKongNeedsHelp']",['https://www.express.co.uk/news/world/1281365/hong-kong-protests-chinese-anthem-law-prison-criminalise-democracy-carrie-lam-china']
['Rage'],[]
"['HumanRights', 'coronavirus']",['https://off-guardian.org/2020/04/04/did-bill-gates-just-reveal-the-reason-behind-the-lock-downs']
"['FvckTheFourth', 'FvckMAGATS']",[]
"['Israel', 'HumanRights', 'HumanRightsViolations']",[]
[],[]
"['LoveIsNotTourism', 'LovecraftCountry', 'TRUMP', 'TikTok']",[]
[],[]
['ObamaAve'],[]
"['Israel', 'Democrats', 'BlackLivesMatter']",[]
"['Saudi', 'Yemen', 'Saudi_Arabia']",[]
"['MitchIsARussianAsset', 'MitchMcConnellisaRussian']",[]
['BesokSenin'],[]
[],[]
[],[]
[],[]
[],[]
['WearAMask'],[]
['malamjumat'],[]
[],[]
[],['https://beritadunia.net/agama-dan-sosial/mutiara-hikmah/keistimewaan-bershalawat-pada-baginda-nabi-muhammad-saw/']
[],[]
"['hajj2019', 'KaabaUnitesUs']",[]
"['hajj2019', 'KabaUniteUs']",[]
[],[]
[],[]
[],[]
"['IsraeliCrimes', 'PalestinianLivesMatter', 'Group4Palestine', 'IndependentPalestineState']",[]
"['QuarantineAQuote', 'HumanRights', 'Palestine']",[]
[],[]
[],[]
"['Jumat', 'JumatBerkah']",['https://islam.nu.or.id/post/read/106456/ini-wirid-yang-dibaca-sebelum-shalat-subuh']
[],[]
[],[]
['MenangkanAlQuds'],[]
[],[]
[],[]
"['Biden', 'VoteBiden', 'trump']",[]
"['coronavirus', 'France', 'COVID19', 'COVID19france']",[]
"['Trump', 'WakeUpAmerica']",[]
"['BrokeAssPresident', 'TrumpTaxReturns']",[]
['Tiredearth'],[]
['TikTok'],[]
['photography'],[]
"['TrumpIsALiar', 'TrumpIsALiar']",[]
"['TrumpMeltdown', 'marytrump', 'DictatorTrump', 'PortlandProtesters', 'BlackLivesMatter']",[]
['BidenHarrisLandslide2020'],[]
['DrunkHistoryTrump'],[]
"['COVID19', 'COVID', 'vaccine']",[]
[],[]
[],[]
[],[]
[],[]
"['استرا', 'برانکو', 'برانکو_یادت_بخیر']",[]
[],[]
['11septembre'],[]
[],[]
[],[]
['جواد_خیابانی'],[]
[],[]
[],[]
[],[]
"['suffering', 'TrumpsAmerica', 'FailureInChief']",[]
[],[]
"['StopAnnexation', 'NoToAnnexation', 'Palestine', 'FreePalestine']",[]
"['Jaffa', 'Palestine', 'FreePalestine', 'NeoClassic', 'LetItBe2021']",[]
['protests2020'],[]
['TrumpIsALaughingStock'],[]
"['PalestinianLivesMatter', 'Palestinewillbefree', 'Palestinians']",[]
"['PalestiniansLivesMatter', 'PalestinaLibre', 'IsraeliCrimes']",[]
"['18Feb', 'FelizMartes', 'Venezuela']",[]
"['BlackLivesMatter', 'GeorgeFloydMurder', 'GeorgeFloydWasMurdered']",[]
"['Colombia', 'venezolana', 'EEUU']",[]
"['MeQuedoEnCasa', 'coronapocolypse', 'COVIDー19']",[]
['Arbaeenwalk'],[]
"['HumanRights', 'Israel']",[]
[],[]
"['SaudiArabia', 'TrumpMeltdown', 'HumanRights']",[]
"['TrumpIsALoser', 'DraftDodgerDon', 'TrumpHatesOurMilitary']",[]
[],[]
"['InternationalJusticeDay', 'HariKeadilanInternasional']",[]
"['TrumpDoesntCare', 'TrumpFailed', 'TrumpLiedPeopleDied']",[]
[],[]
[],[]
"['parentingIndonesia', 'anak', 'masadepanbangsa']",['https://amp.kompas.com/megapolitan/read/2019/07/28/16283751/kak-seto-upayakan-ada-seksi-perlindungan-anak-di-tiap-rt-jakarta']
['مليونية_سيادة_العراق'],[]
"['Brasileirao', 'Bolsonaro', '21agosto']",[]
"['الهند_تضطهد_المسلمین', 'MuslimsGenocideInIndiaAndIOK']",[]
"['RafaelCorrea', 'EcuadorEnCrisis', 'EcuadorEnEmergencia']",[]
"['ColombiaEnAlertaRoja', 'ColombiaDespierta', 'Colombia']",[]
['مليونية_سيادة_العراق'],[]
"['coronavirus', 'CoronaCrisis', 'koronawirus']",[]
"['chilenas', 'ChileDesperto', '17abril']",[]
"['الهند_تضطهد_المسلمین', 'MuslimsGenocideInIndiaAndIOK']",[]
['اهل_البيت_خط_احمر'],[]
['بغداد'],[]
"['الهند_تضطهد_المسلمین', 'MuslimsGenocideInIndiaAndIOK']",[]
"['CoronavirusOutbreak', 'Corona', 'COVID19']",[]
['Steelers'],[]
"['ClimateChangeIsReal', 'ClimateAction']",[]
"['PalestineWillBeFree', 'Palestine']",[]
"['ArbainHusain', 'Arbaeen2020']",[]
[],[]
"['PalestineWillBeFree', 'Palestine']",[]
"['PalestineWillBeFree', 'PalestineResistance', 'Palestine']",[]
"['PalestineWillBeFree', 'Palestine']",[]
['MaulidNabi2020'],[]
"['InternationalJusticeDay', 'HariKeadilanInternasional']",[]
"['Palestine', 'PalestineWillBeFree']",[]
[],[]
"['PalestineWillBeFree', 'Palestine', 'HariAlQuds2020']",[]
['HariIbu'],[]
"['PalestineWillBeFree', 'PalestineResistance', 'Palestine', 'HariAlQuds2020']",[]
['LiveLikeAli'],[]
"['PalestineWillBeFree', 'Palestine']",[]
['Hussain'],[]
['Hussain'],[]
"['InternationalJusticeDay', 'HariKeadilanInternasional']",[]
"['Israel', 'PalestineWillBeFree', 'PalestineResistance', 'Palestine']",[]
"['PalestineWillBeFree', 'Palestine']",[]
[],[]
['MaulidNabi2020'],[]
['Palestine'],[]
['اهل_البيت_خط_احمر'],[]
"['Almería', 'spaña', 'racisme', 'BlakeLivesMatter']",[]
"['Palestina', 'NakbaDay', '15Mayo']",[]
['مليونية_سيادة_العراق'],[]
['اهل_البيت_خط_احمر'],[]
"['coronavirus', 'virus', 'China']",[]
['VoteInPerson'],[]
['صفقة_التطبيع'],[]
"['IranPlaneCrash', 'UkrainianPlaneCrash', '10Enero', 'IranvsUSA', 'planetshakers']",[]
['صفقة_التطبيع'],[]
['اهل_البيت_خط_احمر'],[]
"['Venezuela', 'EEUU', '22Junio']",[]
"['coreadelsur', 'KimJungUn', '2Mayo']",[]
"['الهند_تضطهد_المسلمین', 'MuslimsGenocideInIndiaAndIOK']",[]
"['الهند_تضطهد_المسلمین', 'MuslimsGenocideInIndiaAndIOK']",[]
[],[]
['HijrahMenujuSyariahKaffah'],[]
"['Debates2020', 'Trump2020']",[]
['MuslimsGenocideInIndiaAndIOK'],[]
['LiveLikeAli'],[]
"['Palestine', 'QudsDay', 'PalestineResistance', 'PalestineWillBeFree']",[]
[],[]
['شهادت_ميدهم'],[]
['ShameOnAungSanSuuKyi'],[]
"['Palestine', 'PalestineWillBeFree']",[]
['arbaeen2019'],[]
[],[]
[],[]
['DemocratsAreCorrupt'],[]
[],[]
['اهل_البيت_خط_احمر'],[]
['اهل_البيت_خط_احمر'],[]
"['Palestine', 'FreePalestine', 'Palestina', 'HumanRights']",[]
"['coronavirus', 'CoronaVirusUpdate', 'usaCoronavirus', 'coronavirusuk']",[]
"['Iran', 'USA']",[]
"['IranvsUSA', 'irancoronavirus', 'Iranian']",[]
"['Syrian', 'Turkey', 'SyrianRegime']",[]
"['Iraqi', 'Iraq']",[]
['MyPartnerDoesntKnow'],[]
['IslamicRevolution'],['http://www.balkanspost.com/article/784/islamic-revolution-lesson-world-40-years-iranian-achievements']
['Trump'],['https://ahtribune.com/us/trump-at-war/3816-awesome-nice-naughty.html']
['TrumpMeltdown'],[]
['TrumpIsALoser'],[]
"['BorisJohnson', 'racist', 'Trump', 'BlackLivesMatter', 'ChicagoProtests', 'PresidentBiden']",[]
"['BunkerTrump', 'dcblackout', 'DumpTrump2020', 'VoteTrumpOut', 'RacistPresident', 'TrumpAttackedPeacefulAmerica']",[]
[],[]
"['BidenHarris2020', 'BidenVP', 'VoteRed', 'COVID19']",[]
['RepublicansVirus'],[]
[],[]
"['العراق_لن_یحترق', 'ایران_والعراق_لایمکن_الفراق']",[]
['MAGA'],[]
[],[]
"['PalestinianLivesMatter', 'Israel']",[]
"['coronavirus', 'COVID', 'coronapocalypse']",[]
"['Gaza', 'Palestinian', 'PalestinianLivesMatter', 'PalestinaLibre']",[]
"['FelizLunes', 'BuenosDiasATodos', '24agosto']",[]
"['KimJungUn', 'EEUU', 'FelizSábado']",[]
"['GeorgeFloydMurder', 'Floyd', 'racist']",[]
"['23mar', 'FelizLunes', 'BuenosDiasATodos']",[]
"['BLACK_LIVES_MATTERS', 'Minneapolis', 'GeorgeFloydWasMurdered']",[]
"['BuenosDiasATodos', 'FelizSábado', '23Mayo']",[]
['Protesta'],[]
"['animals', 'FelizLunes', '20Julio']",[]
"['CheGuevara', '22Agosto', 'BuenosDiasATodos']",[]
['BoatersForTrump'],[]
"['picoftheday', 'Palestine', 'Israel', 'UAEBetrayedPalestine']",[]
"['FelizDomingoATodos', '1Mar', 'BuenDomingo']",[]
['TrumpkillsAmericans'],[]
"['coronavirus', 'COVID19', 'diamundialdelasalud']",[]
"['MiercolesDeCeniza', 'BalanceCarnavales2020', '26Feb']",[]
"['Venezuela', '4Mayo', 'BuenosDiasTVN']",[]
"['GeorgeFloydprotest', 'blacklifematters', 'GeorgeFlyod']",[]
"['A7anosDeTuSiembraComandante', '65anosConFeyAlegria', '05Marzo']",[]
"['COVID19', 'Venezuela', 'HoyTeCuentoQue']",[]
"['TrumpDoesntCare', 'COVID19']",[]
"['PalestinianYouth', 'Palestine', 'PalestinianLivesMatter']",[]
"['BuenasNoches', 'FelizViernes', '19Junio']",[]
"['Palestine', 'PalestineWillBeFree', 'PalestineResistance', 'COVIDー19', 'Ramadhan']",[]
['BanggaJadiMuslim'],[]
['KaabaUnitesUs'],[]
"['Palestine', 'PalestineWillBeFree', 'PalestineResistance', 'COVID19']",[]
['MenangkanAlQuds'],[]
['ArbainHusain'],[]
"['Palestine', 'PalestineWillBeFree', 'PalestineResistance', 'COVID19']",[]
"['Palestine', 'PalestineWillBeFree', 'PalestineResistance']",[]
"['Palestine', 'PalestineWillBeFree', 'PalestineResistance']",[]
"['Palestine', 'PalestineWillBeFree', 'PalestineResistance', 'COVIDー19', 'Ramadhan']",[]
['UAEBetraysPalestine'],[]
"['Palestine', 'PalestineWillBeFree', 'HariAlQuds2020']",[]
['LiveLikeAli'],[]
['KaabaUnitesUs'],[]
['TerimaKasihGuru'],[]
"['Palestine', 'PalestineWillBeFree', 'PalestineResistance', 'Ramadan', 'COVIDー19']",[]
"['Palestine', 'PalestineWillBeFree']",[]
"['Palestine', 'PalestineWillBeFree', 'PalestineResistance']",[]
"['Palestine', 'PalestineWillBeFree', 'HariAlQuds2020']",[]
"['InternationalJusticeDay', 'HariKeadilanInternational']",[]
"['ArbainHusain', 'Arbaeen2020']",[]
"['Palestine', 'PalestineWillBeFree']",[]
"['Palestine', 'PalestineWillBeFree', 'HariAlQuds2020']",[]
['MaulidNabi2020'],[]
['TerimaKasihGuru'],[]
"['Palestine', 'PalestineWillBeFree']",[]
['Hussain'],[]
"['Palestine', 'PalestineWillBeFree', 'PalestineResistance', 'COVIDー19', 'Ramadhan']",[]
['TerimaKasihGuru'],[]
"['Palestine', 'PalestineWillBeFree']",[]
"['YesWeCanAgain', 'VoteBlueToSaveAmerica']",[]
[],[]
['UAEBetraysPalestine'],[]
"['Palestine', 'PalestineWillBeFree', 'PalestineResistance']",[]
"['BlueWave', 'TrumpIsUnwell', 'ByeDon2020', 'RVAT2020']",[]
[],[]
"['mom', 'thursdaymorning', 'BlackLivesMattters']",[]
['عراقي_ومن_حقي_أسأل'],[]
"['الهند_تضطهد_المسلمین', 'MuslimsGenocideInIndiaAndIOK']",[]
"['الهند_تضطهد_المسلمین', 'MuslimsGenocideInIndiaAndIOK']",[]
['العراق_اقوى'],[]
['صفقة_التطبيع'],[]
"['coronavirus', 'Covid_19', 'Trump2020', 'TrumpIsNotWell']",[]
"['coronavirus', 'Trump']",[]
"['COVIDー19', 'trump', 'BidenRiots', 'coronavirus']",[]
[],[]
"['Portland', 'Covid19']",[]
"['COVIDー19', 'Trump', 'protest', 'Portland']",[]
[],[]
"['كلمة_حق_٢٠٢٠', 'اسقاط_القروض_لليوم_385']",[]
"['الهند_تضطهد_المسلمین', 'MuslimsGenocideInIndiaAndIOK']",[]
['صفقة_التطبيع'],[]
"['الهند_تضطهد_المسلمین', 'MuslimsGenocideInIndiaAndIOK']",[]
"['debate', 'Debates2020']",[]
"['Trump', 'TrumpKnew', 'TrumpHidTheTruth']",[]
['عراقي_ومن_حقي_أسأل'],[]
['PortlandProtest'],[]
['عراقي_ومن_حقي_أسأل'],[]
"['الهند_تضطهد_المسلمین', 'MuslimsGenocideInIndiaAndIOK']",[]
"['Trump', 'protest', 'covid19']",[]
"['احمد_البشير', 'البشر_شو', 'العراق_اقوی']",[]
['مليونية_سيادة_العراق'],[]
['العراق_اقوی'],[]
[],[]
"['Palestine', 'PalestineWillBeFree']",[]
['TerimaKasihGuru'],[]
"['PalestineWillBeFree', 'PalestineResistance', 'Palestine']",[]
"['PalestineWillBeFree', 'Palestine', 'HariAlQuds2020']",[]
"['PalestineWillBeFree', 'Palestine']",[]
"['امضا_با_اشک', 'شیفت_شب']",[]
"['Israel', 'Israel', 'PalestineWillBeFree', 'PalestineResistance', 'Palestine', 'Nakba72']",[]
"['محسن_چاوشی', 'الا_دختر', 'همگناه']",[]
[],[]
['KaabaUnitesUs'],[]
"['شيفت_شب', 'نوشدارو']",[]
"['PalestineWillBeFree', 'Palestine']",[]
"['PalestineWillBeFree', 'PalestineResistance', 'Palestine']",[]
['Hussain'],[]
['BelaMuhammad'],[]
"['PalestineWillBeFree', 'Palestine']",[]
"['PalestineWillBeFree', 'PalestineResistance', 'Palestine']",[]
"['PalestineWillBeFree', 'Palestine', 'HariAlQuds2020']",[]
"['ArbainHusain', 'Arbaeen2020']",[]
"['PalestineWillBeFree', 'Palestine', 'HariAlQuds2020']",[]
"['PalestineWillBeFree', 'Palestine']",[]
['FailedModernSlavery'],[]
"['PalestineWillBeFree', 'Palestine']",[]
['Hussain'],[]
"['ArbainHusain', 'Arbaeen2020']",[]
['MaulidNabi2020'],[]
[],[]
[],[]
"['InternationalJusticeDay', 'HariKeadilanInternasional']",[]
['FailedModernSlavery'],[]
"['PalestineWillBeFree', 'PalestineResistance', 'Palestine']",[]
['TerimaKasihGuru'],[]
"['PalestineWillBeFree', 'Palestine', 'HariAlQuds2020']",[]
"['PalestineWillBeFree', 'Palestine']",[]
"['Palestine', 'PalestineWillBeFree', 'PalestineResistance', 'COVIDー19', 'Ramadhan']",[]
"['Palestine', 'PalestineWillBeFree', 'PalestineResistance', 'COVIDー19', 'Ramadhan']",[]
['MaulidNabi2020'],[]
"['freedom', 'racism', 'SundayMotivation']",[]
"['ArbainHusain', 'Arbaeen2020']",[]
"['Palestine', 'PalestineWillBeFree', 'HariAlQuds2020']",[]
"['Palestine', 'PalestineWillBeFree']",[]
"['InternationalJusticeDay', 'HariKeadilanInternational']",[]
['KaabaUnitesUs'],[]
"['Palestine', 'PalestineWillBeFree', 'HariAlQuds2020']",[]
"['Palestine', 'PalestineWillBeFree', 'PalestineResistance', 'COVID19']",[]
"['Palestine', 'PalestineWillBeFree', 'PalestineResistance']",[]
"['Palestine', 'PalestineWillBeFree', 'PalestineResistance']",[]
"['Palestine', 'PalestineWillBeFree', 'PalestineResistance', 'COVID19']",[]
"['Palestine', 'PalestineWillBeFree', 'HariAlQuds2020', 'Covid_19', 'selasaambyar']",[]
"['Palestine', 'PalestineWillBeFree']",[]
"['Palestine', 'PalestineWillBeFree', 'PalestineResistance', 'Ramadan', 'COVIDー19']",[]
"['ArbainHusain', 'Arbaeen2020']",[]
"['Palestine', 'PalestineWillBeFree', 'PalestineResistance']",[]
[],[]
"['Palestine', 'PalestineWillBeFree', 'HariAlQuds2020']",[]
"['Palestine', 'PalestineWillBeFree', 'PalestineResistance', 'harialquds2020']",[]
"['Palestine', 'PalestineWillBeFree', 'PalestineResistance', 'COVID19']",[]
['TerimaKasihGuru'],[]
"['Palestine', 'PalestineWillBeFree']",[]
"['ArbainHusain', 'Arbaeen2020']",[]
"['InternationalJusticeDay', 'HariKeadilanInternasional']",[]
"['ArbainHusain', 'Arbaeen2020']",[]
['KaabaUnitesUs'],[]
"['Palestine', 'PalestineWillBeFree', 'PalestineResistance', 'Ramadan', 'COVIDー19']",[]
"['Palestine', 'PalestineWillBeFree', 'PalestineResistance', 'Ramadan', 'COVIDー19']",[]
[],[]
[],[]
[],[]
[],[]
"['SobatPalestinaINA', 'Group4Palestine']",['https://english.palinfo.com/news/2020/7/29/several-palestinians-kidnaped-by-iof-overnight-in-w-bank']
[],[]
['GempaBanten'],[]
"['Gaza', 'Gaza', 'UAEIsrael', 'Group4Palestine', 'IndependentPalestineState']",[]
[],[]
['SelasaSambat'],[]
[],[]
[],[]
[],[]
[],[]
[],[]
[],[]
"['Group4Palestine', 'IndependentPalestineState', 'Islam']",[]
"['racist', 'Lier', 'TheyAllKnew', 'TrumpKnew']",[]
"['FourMoreYears', 'VoteTrumpToSaveAmerica', 'WWGIWGA']",[]
['دعبید'],[]
"['TrumpHasNoPlan', 'TrumpIsNotWell', 'TrumpStroke']",[]
"['Palestina', 'FreePalestine', '8Septiembre']",[]
"['PalestinianLivesMatter', 'FreePalestine', 'Palestina']",[]
"['Palestina', 'FreePalestine', 'PalestinaLibre']",[]
[],[]
"['HumanRights', 'blacklifematters', 'TrumpTraitor', 'TrumpRallyFail']",[]
"['TrumpHatesOurVeterans', 'TrumpResignNow', 'TrumpsBrowserHistory']",['https://www.dailymail.co.uk/news/article-8686979/60-percent-Americans-say-governments-coronavirus-response-making-pandemic-worse.html']
"['coronavirus', 'Covid_19', 'HumanRights']",['https://www.npr.org/sections/live-updates-protests-for-racial-justice/2020/06/04/869278494/medical-examiners-autopsy-reveals-george-floyd-had-positive-test-for-coronavirus?t=1591673512780']
"['Israel', 'Israelex2020', 'Netanyahu']",[]
['LightsforLiberty'],[]
"['JamalMurray', 'BlackLivesMatter', 'USA']",['https://www.forbes.com/sites/chrissheridan/2020/08/31/inspired-by-his-sneakers-jamal-murray-of-denver-nuggets-goes-off-for-another-50-points/#6c2e765e2baf']
"['NBAFinals', 'GoldenStateWarriors', 'Oracle', 'Game4', 'Kawhi']",[]
"['TrumpMeltdown', 'TrumpBidenDebate', 'PresidentialDebate2020']",[]
['Palestine'],[]
"['FillTheSeat', 'FillThatSeat', 'FILLTHATSEATNOW']",[]
['TrumpIsACompleteFailure'],[]
['patriotact'],[]
['TrumpDoesntCare'],[]
"['coronavirus', 'COVID']",[]
[],[]
"['TrumpMeltdown', 'TrumpIsATraitor', 'ImNoLongerAllowed']",[]
"['TrumpIsARapist', 'DeathOfDemocracy', 'ImpeachBarr']",[]
"['Army', 'portland', 'Biden', 'PoliceBrutality', 'Police']",[]
['ARMY'],[]
['IStandWithPresTrump'],[]
"['Peace', 'Iran', 'USA', 'PeaceNotWar']",[]
"['HumanRights', 'HumanRightsViolations']",['https://abcnews.go.com/International/380-women-killed-mexico-year-activists-cultural-change/story?id=69258389']
"['TrumpKillsUs', 'Navyfire']",[]
"['HumanRights', 'HumanRightsViolations', 'BlackLivesMatter']",[]
"['VoteTrumpOut', 'DonaldTheDope']",[]
"['HumanRights', 'TrumpIsNotWell', 'annexation']",[]
"['coronavirus', 'COVID', 'Covid_19', 'TrumpResignNow']",['https://www.cnbc.com/2020/09/04/john-bolton-criticizes-trump-on-coronavirus-response.html']
"['JusticeForGeorgeFlyod', 'TrumpResignNow']",[]
"['FelizMiércoles', 'BuenasNoches', '23Sep']",[]
"['TrumpGenocide', 'MichiganStrong', 'thatwoman', 'QuidProCOVID19']",[]
[],[]
[],[]
[],[]
['AmericanMurder'],[]
['TrumpIsALoser'],[]
"['COVID__19', 'RacistInChief']",[]
"['TrumpIsBroke', 'TrumpIsNotABillionaire', 'TrumpTaxReturns']",[]
"['US', 'BlackLivesMetter', 'HumanRights', 'American']",[]
[],[]
"['DemocracyDemandCBIForSSR', 'Democrats', 'democracy']",[]
['صفقة_التطبيع'],[]
['اهل_البيت_خط_احمر'],[]
"['Palestine', 'PalestineWillBeFree']",[]
"['Palestine', 'PalestineWillBeFree']",[]
"['وعده_ما_پنجم_دی', 'مسلح_شویم']",[]
"['WeekendSantuy', 'weekend']",[]
['SaPapuaSaNKRI'],[]
['No2IRChinaTreaty'],[]
['MessengerOFUnity'],[]
['Arbaeen2019'],[]
['UAEBetraysPalestine'],[]
"['Palestine', 'PalestineWillBeFree']",[]
"['IndonesiaUnggul', 'RebutanKursiUntukKorupsi', 'OposisiKokMintaPosisi']",[]
"['چهارشنبه_سوری', 'تظاهرات_سراسری', 'چهارشنبه_سوری', 'تظاهرات_سراسری', 'چهارشنبه_سوری', 'تظاهرات_سراسری', 'چهارشنبه_سوری', 'تظاهرات_سراسری']",[]
['MintaMaaf'],[]
['bacotsantuy'],[]
['BelaMuhammad'],[]
['ThePromisedSaviour'],[]
[],[]
"['BlackLivesMatter', 'GeorgeFloyd', 'usprotest', 'TrumpMeltdown']",[]
"['Palestina', 'FreePalestine', 'PalestinaLibre']",[]
"['Iran', 'US', 'IranvsUSA', 'Iranians']",['https://apnews.com/5eeafc792e5bac8be2bf8430d93e3f0d']
"['TrumpFailure', 'WhyRepublicansAreJumpingShip']",[]
"['Iraqi', 'Iraq']",['https://apnews.com/75228a8a607a44863b57021ac33264dc']
"['RacistInChief', 'DemonSemen']",[]
"['TrumpKillsAmericans', 'VeryScaryPeople']",[]
"['iraqprotests', 'IraqWar', 'IraqiProtests', 'Iraq']",[]
['ThePromisedSaviour'],[]
['FascistTrump'],[]
[],[]
['TheDevilAllTheTime'],[]
"['JacobBlake', 'JacobBlakeshooting', 'wisconsinshooting', 'BlackLivesMatter']",[]
['WWII'],[]
['frasesdereflexion'],[]
['DNC2020'],[]
"['AbolishThePolice', 'BlackLivesMatter']",[]
"['PositiveVibes', 'frasesimportantes']",[]
[],[]
['اهل_البيت_خط_احمر'],[]
['اهل_البيت_خط_احمر'],[]
[],[]
"['Abbott', 'Israel']",['https://ahtribune.com/world/europe/uk/4379-boris-johnson-tony-abbott.html']
"['PositiveVibes', 'frases', 'frasesdereflexion']",[]
[],[]
[],['https://ahtribune.com/us/2020-election/4021-trump-handling-of-the-covid19.html']
[],['http://www.balkanspost.com/article/863/mek-key-component-anti-iran-policy']
"['CocaineDon', 'cocaineeyes']",[]
['coronavirus'],['https://ahtribune.com/world/4048-who-are-you-to-call-me-a-virus.html']
['TrumpIsALiar'],[]
"['Turkey', 'Syria']",['http://www.balkanspost.com/article/844/turkish-assault-syria-hallmarks-disastrous-human-tragedy']
"['personwomanmancameratv', 'TrumpIsAnIdiot']",[]
"['frasesmotivadoras', 'PositiveVibes', 'positivity']",[]
['BLACKLIVESMATTER'],[]
"['USA', 'Iran', 'Peace', 'PeaceWithIran']",[]
['Albanians'],['http://www.balkanspost.com/article/817/islamophobia-in-balkans-from-nationalism-to-era-of-pax-americanism']
"['الحسین_یجمعنا', 'hussain']",[]
"['العراق_لن_یحترق', 'ایران_والعراق_لایمکن_الفراق']",[]
"['العراق_لن_یحترق', 'ایران_والعراق_لایمکن_الفراق']",[]
"['Washington', 'racist', 'TrumpFailsAmerica']",[]
"['Venezuela', 'Chavez', '7julio']",[]
['ImVotingForBiden'],[]
"['FotoDelDia', 'Palestinian', 'PalestinianLivesMatter', 'PalestinaLibre']",[]
"['coronavirus', 'PalestinianLivesMatter']",[]
"['Guaido', 'VenezuelaLibre', '12Feb']",[]
"['BuenasNoches', 'felizlunesatodos', '24agosto']",[]
"['VenezuelaPatriaSana', 'EEUU', '18Mayo']",[]
"['PalestinianLivesMatter', 'IsraeliCrimes', 'israelapartheidnation', 'Palestina']",[]
"['23Feb', 'Felizdomingoatodos', 'BuenosDiasATodos']",[]
"['BreonnaTaylorWasMurdered', 'LouisvilleProtests', 'racism']",[]
['TrumpLied200KDied'],[]
"['GeorgeFloydRiots', 'BLMprotest', 'BlackLivesMatter']",[]
"['Palestina', 'Palestinewillbefree']",[]
"['NoJusticeNoPeace', 'JaredIsEvil', 'BlackLivesMatter', 'MLB']",[]
"['InternationalJusticeDay', 'HariKeadilanInternational']",[]
['LiveLikeAli'],[]
['BelaMuhammad'],[]
"['Palestine', 'PalestineWillBeFree', 'PalestineResistance', 'ramadankareem']",[]
"['Palestine', 'PalestineWillBeFree', 'HariAlQuds2020']",[]
['TerimaKasihGuru'],[]
['BelaMuhammad'],[]
"['Palestine', 'PalestineWillBeFree', 'HariAlQuds2020']",[]
['LiveLikeAli'],[]
"['InternationalJusticeDay', 'HariKeadilanInternational']",[]
"['IsraelBahrain', 'PeaceInTheMiddleEast']",[]
"['Palestine', 'PalestineWillBeFree', 'PalestineResistance', 'COVID19']",[]
['BelaMuhammad'],[]
"['Palestine', 'PalestineWillBeFree']",[]
[],[]
[],[]
"['Palestine', 'PalestineWillBeFree', 'PalestineResistance', 'Nakba72']",[]
['BelaMuhammad'],[]
"['Palestine', 'PalestineWillBeFree', 'PalestineResistance']",[]
"['MenangkanAlQuds', 'Bachtiarnasir']",[]
['UAEBetraysPalestine'],[]
"['Palestine', 'PalestineWillBeFree', 'PalestineResistance', 'Nakba72']",[]
['FailedModernSlavery'],[]
"['Palestine', 'PalestineWillBeFree', 'PalestineResistance', 'COVIDー19', 'Ramadhan']",[]
"['Palestine', 'PalestineWillBeFree', 'PalestineResistance']",[]
"['TedCruzHasNoBalls', 'TrumpChaos']",[]
"['Palestine', 'PalestineWillBeFree']",[]
"['Palestine', 'PalestineWillBeFree', 'HariAlQuds2020']",[]
"['Palestine', 'PalestineWillBeFree', 'PalestineResistance', 'Ramadan', 'COVIDー19']",[]
"['Palestine', 'PalestineWillBeFree', 'PalestineResistance']",[]
"['Palestine', 'PalestineWillBeFree', 'PalestineResistance']",[]
[],[]
"['Ivanka', 'TrumpTaxReturns', 'TrumpIsNotABillionaire']",[]
['TrumpDoesntCare'],[]
[],[]
"['TrumpIsACompleteFailure', 'TrumpHasNoPlan', 'COVID19', 'BidenLandslide2020']",[]
[],['http://www.balkanspost.com/article/817/islamophobia-in-balkans-from-nationalism-to-era-of-pax-americanism']
"['frasesmotivadoras', 'PositiveVibes']",[]
['57ofRepublicans'],[]
"['ChokeHoldMitch', 'VoteBlue2020']",[]
['YOUREFIRED'],[]
"['frasesmotivadoras', 'positiveenergy']",[]
['soupgate'],[]
[],[]
"['InternationalJusticeDay', 'HariKeadilanInternasional']",[]
['MaulidNabi2020'],[]
"['PalestineWillBeFree', 'Palestine']",[]
['TerimaKasihGuru'],[]
"['PalestineWillBeFree', 'PalestineResistance', 'Palestine', 'HariAlQuds2020']",[]
"['PalestineWillBeFree', 'Palestine', 'HariAlQuds2020']",[]
[],[]
"['PalestineWillBeFree', 'Palestine', 'HariAlQuds2020']",[]
"['PalestineWillBeFree', 'PalestineResistance', 'Palestine']",[]
['TerimaKasihGuru'],[]
[],[]
"['جوجه', 'سگ', 'طبیعت', 'زلزله', 'تهران', 'جوجه', 'زمین\u200c_لرزه']",[]
[],[]
[],[]
"['PalestineWillBeFree', 'Palestine', 'HariAlQuds2020']",[]
"['Arbaeen2020', 'حب_حسین_یجمعنا']",[]
['KaabaUnitesUs'],[]
"['PalestineWillBeFree', 'Palestine']",[]
"['PalestineWillBeFree', 'PalestineResistance', 'Palestine']",[]
['FailedModernSlavery'],[]
"['PalestineWillBeFree', 'Palestine']",[]
"['Palestine', 'PalestineWillBeFree']",[]
['KaabaUnitesUs'],[]
"['InternationalJusticeDay', 'HariKeadilanInternasional']",[]
"['Palestine', 'PalestineWillBeFree', 'HariAlQuds2020']",[]
"['ArbainHusain', 'Arbaeen2020']",[]
[],[]
"['PalestineWillBeFree', 'Palestine', 'HariAlQuds2020']",[]
['BelaMuhammad'],[]
['BelaMuhammad'],[]
['China_is_terrorist'],[]
['Hussain'],[]
"['Marseille', 'soignants', '16Juin2020']",[]
['Hussain'],[]
"['Israel', 'Palestine', 'QudsDay']",[]
['MuslimsGenocideInIndiaAndIOK'],[]
"['America', 'GenocideOfIndianMuslims', 'MuslimsGenocideInIndiaAndIOK']",[]
[],[]
['BelaMuhammad'],[]
"['InternationalJusticeDay', 'HariKeadilanInternasional']",[]
[],[]
"['Palestine', 'QudsDay', 'PalestineResistance', 'PalestineWillBeFree']",[]
['ShameOnAungSanSuuKyi'],[]
"['voteblue', 'RememberInNovember']",[]
['KitaAdaUntukZara'],[]
"['InternationalJusticeDay', 'HariKeadilanInternasional']",[]
['FailedModernSlavery'],[]
"['KaabaUnitesUs', 'Hajj2019']",['https://m.liputan6.com/haji/read/4027261/video-menteri-agama-lukman-hakim-saifuddin-tunaikan-umrah-wajib']
[],[]
['GwSakingNgantuknya'],[]
"['Solomon', 'ViolencesPolicieres', 'JusticePourSolomon']",[]
[],[]
['BlameTrump'],[]
"['KaabaUnitesUs', 'Hajj2020']",[]
[],[]
['Hussain'],[]
[],['https://m.cnnindonesia.com/internasional/20180928100956-120-333904/kbri-rizieq-sudah-tidak-punya-izin-tinggal-di-saudi']
['Hussain'],[]
['KaabaUnitesUs'],[]
"['Palestine', 'PalestineWillBeFree']",[]
[],[]
"['PleaseStopTellingMeTo', 'UnitedShades']",[]
"['Iraqi', 'millionmarch', 'iraqProtest', 'Iraq', 'Iraqmillionmanmarch']",[]
"['Palestine', 'HumanRights', 'humanity', 'Palestinians']",[]
['أطلقوا_سجناء_البحرين'],[]
"['IraqProtests', 'Iraq']",[]
['MiddleEast'],[]
[],[]
"['TousContreMacron', 'demopolitique']",[]
"['Paris', 'reformedesretraites', 'greve5fevrier', 'retraites', 'greve', 'GreveGenerale', 'fonctionpublique']",[]
"['gouvernement', 'Macron', 'demopolitique', 'presidentielle2022', 'ViolencesPolicieres']",[]
['mondaythoughts'],[]
"['MacronDemission', 'MacronDemission', 'ViolencesPolicieres', 'GiletsJaunes', 'reformedesretraites', 'Acte63']",[]
[],[]
['SundayMorning'],[]
"['COVID19', 'COVID__19']",[]
[],[]
"['Farida', 'soignantsencolere']",[]
"['COVID19', 'WorldNatureConservationDay']",[]
"['WorldRadioDay', 'ThursdayMotivation']",[]
"['Palestine', 'PalestineWillBeFree']",[]
['می_آیم'],[]
"['Palestine', 'PalestineWillBeFree']",[]
"['Palestine', 'PalestineWillBeFree']",[]
['ShameOnAungSanSuuKyi'],[]
"['Palestine', 'PalestineWillBeFree']",[]
['JumatBerkah'],[]
[],[]
"['MahatmaGandhi', 'India', 'MuslimsGenocideInIndiaAndIOK']",[]
[],['https://www.instagram.com/p/B9irbvEJu5P/?igshid=11cd7jnjzn2wl']
"['Palestine', 'PalestineWillBeFree']",[]
"['بنزین', 'مردم']",[]
"['Palestine', 'PalestineWillBeFree']",[]
"['Palestine', 'PalestineWillBeFree']",[]
['เขาวานให้หนูเป็นสายลับep15'],[]
['ShameOnAungSanSuuKyi'],[]
['UAEBetraysPalestine'],[]
['ThisIsAmerica'],[]
"['Palestine', 'FreePalestine', 'Palestinewillbefree']",[]
"['Palestine', 'FreePalestine', 'Palestina']",[]
"['Palestina', 'FreePalestine', '26Agosto']",[]
"['Palestina', 'FreePalestine', 'palestinalibre']",[]
"['Palestine', 'FreePalestine', '17Agosto']",[]
[],['https://www.valeursactuelles.com/societe/agressions-sexuelles-castaner-accuse-davoir-couvert-un-medecin-103812']
"['racisme', 'AuntJemima']",[]
"['Humanrights', 'Trump', 'BarrResign']",[]
"['HumanRights', 'CyberSecurity']",['https://www.hrw.org/news/2020/05/27/its-time-treat-cybersecurity-human-rights-issue']
"['MichelleObama', 'Barack']",[]
"['coronavirus', 'COVID19']",['https://www.ndtv.com/world-news/coronavirus-bill-gatess-coronavirus-vaccine-could-be-ready-in-12-months-2218805']
"['rudygiulianimeltdown', 'JohnBolton']",[]
"['coronavirus', 'COVID19']",[]
"['Trimp', 'ImpeachmentInquiryNow', 'ImpeachNow']",[]
"['Humanrights', 'HongKong', 'HumanRightsViolations']",[]
"['TheInvestigation', 'JohnLithgow']",[]
"['ImpeachmentIsComing', 'ImpeachTrumpNow', 'Pompeo', 'Traitor']",['https://thehill.com/homenews/administration/463712-pompeo-took-part-in-trump-zelensky-call-report']
"['IranUSTension', 'NoWarWithIran']",[]
"['Palestine', 'Israel', 'HumanRights']",[]
"['coronavirus', 'COVID19', 'TrumpLied200KDied', 'TrumpWantsToInfectUs']",['https://www.cnn.com/2020/09/16/politics/donald-trump-covid-19-coronavirus-abc-townhall/index.html']
"['TheTonyAwards', 'TonyAwards']",[]
"['NoBraDay', 'NoBraDay2019', 'SundayThoughts']",[]
"['Maddow', 'LevSpeaks', 'LevRemembers']",[]
"['HumanRights', 'HumanRightsViolations', 'SaudiArabia']",[]
"['KDandKlay', 'klaythompson', 'NBAFinals']",[]
"['Coronavirus', 'COVID19']",[]
"['RBGRevolution', 'comebackCalifornia', 'LindseyMustGo']",[]
"['ClimateChangesHealth', 'Climatecrisis']",[]
"['Kenya', 'Bamboo', 'environment', 'environmental', 'ClimateChange', 'GlobalWarming']",[]
"['ClimateChange', 'ClimateCrisis']",['https://www.economist.com/schools-brief/2020/05/23/the-worlds-energy-system-must-be-transformed-completely']
[],['https://twitter.com/savior_id/status/768700118933577728']
,
[],[]
"['coronavirus', 'ClimateChange', 'ClimateCrisis']",['https://www.theguardian.com/world/2020/apr/09/climate-crisis-amid-coronavirus-lockdown-nature-bounces-back-but-for-how-long']
,['']
,
"['ClimateCrisis', 'ClimateCrisis', 'ClimateEmergency']",[]
"['TrumpLiesAmericansDie', 'fvckthe4th']",[]
"['AmericaOrTrump', 'TrumpKnewAndDidNothing', 'AmericaWakeUp']",[]
['fvckthe4th'],[]
"['FB', 'Resist']",[]
"['protest', 'Trump']",[]
"['Palestinian', 'Palestinian', 'Palestine']",[]
['hydroxycholorquine'],[]
['VoteBlue'],[]
[],[]
['۵روزتامحرم'],[]
[],[]
[],[]
[],[]
[],[]
"['Trump', 'CoronaInfoCH', 'coronavirus']",[]
"['Biden', 'VoteBlueDownBallot', 'Trump', 'COVID19', 'coronavirus']",[]
"['بي_بي_سي_فارسی', 'لغو_فوری_اعدام']",[]
[],[]
['4MoreYears'],[]
['رضا_پهلوی'],[]
"['TrumpIsATraitor', 'Trump', 'FlagDay', 'JohnMcCainDay']",[]
"['Trump', 'JohnKelly']",['https://www.cnn.com/2019/10/26/politics/john-kelly-trump-yes-man/index.html']
"['Arbaeen2020', 'ArbainHusain']",[]
[],[]
['MuslimsGenocideInIndiaAndIOK'],[]
[],[]
['TheGoodDoctor'],[]
"['Palestine', 'PalestineWillBeFree', 'PalestineResistance', 'QudsDay']",[]
"['DemocraticDebate', 'DemDebate2', 'ElizabethWarren', 'Warren2020']",[]
[],[]
[],[]
"['BelaMuhammad', 'BelaMuhammad']",[]
['Schiff'],['https://www.politico.com/story/2019/09/13/schiff-maguire-intelligence-1496135']
"['Palestina', 'FreePalestine', 'PalestinaLibre']",[]
"['Palestina', 'FreePalestine', 'PalestinaLibre']",[]
"['Paletsine', 'Freepalestine', 'Palestina', 'PalestineWillBeFree']",[]
"['Iraqi', 'US', 'Iraq']",[]
"['PalestinaLibre', 'FreePalestine', 'palestina']",[]
"['Palestine', 'QudsDay', 'PalestineWillBeFree', 'FreePalestine']",[]
[],[]
"['ClimateChange', 'environment', 'GlobalWarming']",[]
"['CoronavirusPandemic', 'coronavirus']",[]
['svchost'],[]
[],[]
"['ClimateCrisis', 'ClimateAction', 'ClimateChangeIsReal']",['https://news.bloomberglaw.com/bankruptcy-law/california-power-crisis-worsens-with-pg-e-ordering-outages']
,
"['ClimateChange', 'ClimateAction', 'ClimateCrisis']",[]
"['TrumpMeltdown', 'ClimateChange', 'Trump']",[]
"['lessive', 'maison', 'tiredearth', 'EnvironmentDay', 'alimentation']",['https://bit.ly/3dEvwyh']
"['ClimateChange', 'ClimateCrisis', 'coronavirus']",['https://www.weforum.org/agenda/2020/04/climate-change-coronavirus-linked/']
"['ClimateChange', 'ClimateCrisis', 'ClimateActionNow']",['https://www.aljazeera.com/news/2020/09/trump-epa-chief-climate-change-efforts-hurt-poor-200903230808431.html']
"['climatecrisis', 'ClimateChange', 'ClimateAction']",[]
"['ClimateChange', 'ClimateCrisis', 'ClimateAction']",[]
"['Climatechange', 'environment']",[]
"['ClimateChange', 'ClimateAction', 'ClimateCrisis']",[]
"['ClimateChange', 'ClimateCrisis', 'ClimateAction']",['https://www.sciencemag.org/news/2020/07/after-40-years-researchers-finally-see-earths-climate-destiny-more-clearly']
"['RestartLeader', 'MIGA', 'Iranians_Hate_PMOI_RezaPahlavi_IR']",[]
['اهل_البيت_خط_احمر'],[]
"['عاجل', 'ايران']",[]
['TrumpThreatensAmerica'],[]
['BidenHarris'],[]
[],[]
[],[]
[],[]
"['BLMprotest', 'FlipTheSenate', 'balcklivesmatter', 'VoteBlueToSaveAmerica2020', 'racism']",[]
"['oil', 'finance', 'COVID19']",[]
[],[]
[],[]
"['Palestine', 'FreePalestine', 'PalestineWillBeFree']",[]
['Palestinian'],[]
"['PresidentSnowflake', 'GenZ']",[]
"['DealOfTheCentury', 'FreePalestine', 'Palestinians']",[]
"['Israeli', 'Palestine']",[]
"['Palestinian', 'Palestine', 'DealOfTheCentury', 'Palestinians']",[]
"['NationalLighthouseDay', 'TrumpHoaxedAmerica', 'blackout', 'JobsReport']",[]
"['Palestine', 'FreePalestine', 'savetiktok', 'tiktokdown', 'PalestineMustLive']",[]
['TrumpIsALoser'],[]
"['FelizDomingo', 'BuenasNoches', '28Junio']",[]
"['26Enero', 'FelizDomingo', 'FelizFinDeSemana']",[]
"['GeorgeFloydFuneral', 'BLMprotest', 'racism']",[]
"['COVID19', 'ChinaVirus']",[]
"['NewYork', 'BLACK_LIVES_MATERS', 'PoliceReformNow']",[]
"['FelizJueves', 'BuenasNochesATodos', '3sep']",[]
[],[]
"['VenezuelaLibre', 'GuaidoDebeIrPreso', 'FelizDomingoATodos']",[]
"['BeirutInOurHearts', 'BeirutAttack', 'explosion']",[]
"['23Abril', 'FelizLunes', 'Buenosdias']",[]
"['animales', '19Julio', 'BuenosDías']",[]
"['EscudoBolivariano2020', 'FelizJueves', '13Feb']",[]
"['coronavirus', 'COVID__19', '25Julio']",[]
"['PalestinianLivesMatter', 'IsraeliCrimes', 'israelapartheidnation']",[]
"['DonaldTrump', 'ImVoting4BidenBecause']",[]
"['BidenHarrisLandslide2020', 'HowLowTrumpWillGo', 'campingworld']",[]
[],[]
"['Trump', 'Reagan', 'politicalcorrectness']",[]
"['chile', 'sebastianpiñera', 'ChileDesperto']",[]
['MataNajwa'],[]
['KamalaHarris'],[]
['HariIbu'],[]
"['Iran', 'Russia', 'China', 'sanctions']",['http://thealtworld.com/philip_giraldi/trump-confirms-u-s-is-israels-protector']
['BelaNegara'],[]
"['TrumpHasNoPlan', 'BillClintonIsAPedo', 'LGBTQIbaes', 'WeBackDurbin']",[]
[],[]
"['اربعین', 'شهدا', 'الحسین_یجمعنا', 'Arbaeen2020']",[]
"['العراق_لن_یحترق', 'ایران_والعراق_لایمکن_الفراق']",[]
"['fakepresident', 'gtfoh', 'BunkerBoy']",[]
"['BuenosDías', 'FelizJuevesATodos', '20agosto']",[]
['AbolishSuburbs'],[]
"['GeorgeFloydMurder', 'Minnesota', 'Floyd']",[]
[],[]
[],[]
['WeUsedToHave'],[]
"['COVIDIDIOTS', 'Covid_19', 'coronavirus']",[]
['TrumpIsALoser'],[]
['theblaze'],[]
"['Colombia', 'Venezuela', 'ejerccitovenezolano']",[]
"['TrumpHatesOurVeterans', '1millioninniters', 'MansplainAnything']",[]
"['BlackLivesMatter', 'TrumpRiots', 'TrumpResignNow', 'Trump2020']",[]
"['Arbaeen2020', 'ArbainHusain']",[]
['MaulidNabi2020'],[]
"['EpsteinFiles', 'EidAlAdha', '6MonthsOfWalls']",[]
[],[]
['Exceptionalism'],['http://thealtworld.com/pepe_escobar/julian-assange-prometheus-bound']
['MaulidNabi2020'],[]
"['TrumpIsALaughingStock', 'PortlandKidnappings', 'SaturdayMotivation']",[]
[],[]
"['StopAnnexation', 'tiktokdown', 'Palestine', 'SCOTUS']",[]
"['Arbaeen2020', 'ArbainHusain']",[]
"['Immigrants', 'rasist']",[]
"['ImpeachKavanaugh', 'Kavanaugh']",[]
['Hoshi'],[]
"['impeachment', 'BlackLivesMatter']",[]
['September11'],[]
"['Gilroy', 'GilroyGarlicFestival', 'gilroyshooting']",[]
"['TrumpIsLosing', 'TrumpIsARacist', 'TrumpIsAnIdiot']",[]
"['TwitterFoodBank', 'TheTrumpDepression']",[]
"['chiledespertó', 'Chile', '1agosto']",[]
['4thofJuly'],[]
"['BuenasNochesATodos', 'FelizDomingo', '27Sep']",[]
"['AbolishThePolice', 'JaredIsEvil', 'BlackLivesMatter', 'MLB']",[]
['TrumpIsALiar'],[]
"['Britain', 'US', 'citizens', 'DemConvention', 'JoeBidenKamalaHarris2020', 'BidenHarrisLandslide2020', 'presidentbiden', 'TrumpVirus', 'BlackLivesMatter', 'Maine']",[]
"['BidenHarrisisthecoalitionof', 'BidenHarris2020', 'Harris']",[]
"['Trump', 'TrumpsWar', 'NoWarWithlran']",['https://www.cbc.ca/radio/asithappens/as-it-happens-tuesday-edition-1.5417917/democratic-congressman-says-it-s-time-to-tie-trump-s-hands-when-it-comes-to-iran-1.5417922']
"['HowDareYou', 'ClimateActionSummit']",[]
"['Biden2020', 'BidenRiots']",['https://www.theverge.com/2020/9/1/21409727/biden-harris-animal-crossing-campaign-new-horizons-yard-signs-election']
[],[]
"['Trump2020', 'coronaviruscrisis']",[]
['TrumpDoesntCare'],[]
['Macron'],[]
['TheWorldReopenedAnd'],[]
['BidenHarrisLandslide2020'],[]
['Video'],[]
[],[]
"['TrumpVirus', 'PeopleDead']",[]
"['Noticias', 'Cuba', 'TrumpIsUnwell', 'SancionesCuba']",[]
[],[]
['America'],[]
"['COVID__19', 'COVID19', 'coronavirus']",[]
"['JoeBiden', 'EEUU', '14Abr']",[]
"['ColombiaEnAlertaRoja', 'ColombiaDespierta', 'Bogota']",[]
['صفقة_التطبيع'],[]
"['racism', 'blacklifematters', 'EEUU']",[]
"['EEUU', 'Bernie2020', 'BernieSanders']",[]
"['COVIDー19', 'bolsonarocovid', 'COVID19']",[]
['صفقة_التطبيع'],[]
['صفقة_التطبيع'],[]
['مليونية_سيادة_العراق'],[]
[],[]
['صفقة_التطبيع'],[]
['اهل_البيت_خط_احمر'],[]
"['Brasil', 'bolsonaro', '27Febrero']",[]
['اهل_البيت_خط_احمر'],[]
[],[]
"['عاجل', 'ايران']",[]
[],[]
['BadMedicalAdviceIn5Words'],[]
['TrumpVideo'],[]
"['TuesdayThoughts', 'TuesdayMotivation']",[]
[],[]
[],['https://cle.clinic/2zA3p3w']
[],[]
['BoycottTrump4thOfJuly'],[]
['ObamaCommencement2020'],[]
['BidenHarrisLandslide2020'],[]
[],[]
"['WakeUpAmerica', 'WWGIWGA', 'WWG1GWA']",[]
"['Melania', 'TrumpChaos']",[]
"['thankyoubernie', 'BernieIsOurHope', 'BernieDropOut']",[]
[],['https://www.rawstory.com/2020/05/eric-trump-predicts-covid-19-is-a-conspiracy-against-his-dad-that-will-magically-disappear-in-november/']
"['TrumpTaxReturns', 'RussianCosigners', 'DeutscheBankLoans']",['https://www.independent.co.uk/news/world/americas/us-politics/trump-news-live-tweets-today-tax-returns-deutsche-bank-mexico-wall-storm-dorian-a9081566.html']
"['doublestandard', 'Trump', 'LockHimUp', 'StillWithHer', 'TrumpTaxes', 'LockHimUp', '750dollars', 'DonTheCon']",[]
['بغداد'],[]
['عراقي_ومن_حقي_أسأل'],[]
['طهران'],[]
['مليونية_سيادة_العراق'],[]
['BlackLivesMetter'],[]
[],[]
"['الهند_تضطهد_المسلمین', 'MuslimsGenocideInIndiaAndIOK']",[]
"['الهند_تضطهد_المسلمین', 'MuslimsGenocideInIndiaAndIOK']",[]
['صفقة_التطبيع'],[]
"['bitcoin', 'freebitcoin']",['http://bc.game/i-1iagfsek-n/']
"['fotodeldia', 'ChileResiste', 'francia', 'protesta', 'chiledesperto']",[]
['frasesdereflexion'],[]
"['CubaSalvaVidas', 'cubanosporelmundo']",[]
['CancelRent'],[]
[],[]
"['palestinelivesmatters', 'acuerdodelsiglo', 'israelapartheidnation']",[]
['U'],[]
"['TrumpIsNotWell', 'TrumpStroke']",[]
['ThingsThatShouldNeverBeBanned'],[]
['DumpTrump'],[]
"['WorldEnviromentDay', 'TrumpProtest']",['https://www.theguardian.com/us-news/2019/jun/05/donald-trump-tells-prince-charles-us-is-clean-on-climate-change#img-1']
"['BuildThatWall', 'CriminalTrump']",[]
"['ImpeachDonaldTrumpNOW', 'Ukraine', 'sharpie']",[]
"['saudia', 'Iran', 'Kashmir']",['https://www.aa.com.tr/en/analysis/opinion-saudis-follow-iran-s-1994-somersault-on-kashmir-at-oic/1730770']
['MattGaetzIsATool'],[]
"['ImpeachThePres', 'ImpeachmentIsComing', 'ImpeachTrump']",[]
"['TrumpIsALooser', 'TrumpPressBriefing', 'CoronavirusPandemic']",[]
"['Palestine', 'HumanRights', 'HumanRightsViolations']",[]
"['HumanRights', 'TheGreatAwakening', 'TrumpOut2020', 'BlackIsKing']",[]
[],[]
"['Palestine', 'FreePalestine']",[]
"['SolomonTeka', 'ViolencesPolicieres']",[]
[],[]
"['makan', 'laper', 'malam', 'cireng', 'sedap', 'ngantuk']",[]
[],[]
[],[]
"['Palestine', 'PalestineWillBeFree']",[]
[],[]
"['InternationalJusticeDay', 'HariKeadilanInternasional']",[]
['Hussain'],[]
"['Palestine', 'PalestineWillBeFree']",[]
['BelaMuhammad'],[]
[],[]
[],[]
['ShameOnAungSanSuuKyi'],[]
['Hussain'],[]
['FailedModernSlavery'],[]
['freepalastine'],[]
['FailedModernSlavery'],[]
"['JANJIMUPALSU', 'LombaNetizen', 'JumatBerkah']",[]
"['KaabaUnitesUs', 'Hajj2020']",[]
['ShameOnAungSanSuuKyi'],[]
"['NoWayToTreatAChild', 'يوم_الجمعة']",[]
"['police', 'Castaner', 'Violencespolicieres']",[]
"['AlienDNA', 'TrumpIsAnIdiot']",[]
"['TrumpIsLosing', 'TrumpIsANationalDisgrace']",[]
[],['https://www.huffpost.com/entry/pence-governors-coronavirus-call_n_5ee83b5cc5b6b735a6483671?ncid=engmodushpmg00000004']
"['BlackLivesMatter', 'PDXprotests', 'PortlandProtests']",[]
"['InternationalJusticeDay', 'HariKeadilanInternasional']",[]
[],[]
"['Palestina', 'Lebaransebentarlagi', 'FreePalestine']",[]
"['coronavirus', 'OMS', 'masque', 'soignants', 'COVIDー19', 'masques']",[]
['ShameOnAungSanSuuKyi'],[]
['UAEBetraysPalestine'],[]
[],['https://eitaa.com/dl']
"['العراق_لن_یحترق', 'ایران_والعراق_لایمکن_الفراق']",[]
"['العراق_لن_یحترق', 'ایران_والعراق_لایمکن_الفراق']",[]
"['promisesavior', 'LiberalismIsTheRealPandemic']",[]
['RIPROBERTFULLER'],[]
"['Iraqi', 'IraqiRevolution', 'IraqiProtests', 'Iraq']",[]
"['MoscowMitchMcConnell', 'PortlandKidnappings', 'TimsTwitterListeningParty']",[]
['Indian'],[]
[],[]
[],[]
['TrumpsVaccineIsALie'],[]
"['Amerika', 'Israel']",['https://beritadunia.net/berita-dunia/amerika/fasilitas-medis-kurang-as-malah-kirim-1-juta-masker-ke-israel/']
"['BigPapi', 'DavidOrtiz']",[]
"['MoscowMitch', 'WhereIsMitch']",[]
['FreePalestine'],[]
[],[]
"['Release_Bahraini_Prisoners', 'Bahrain', 'COVID19']",[]
['HurricaneHanna'],[]
"['Syrian', 'terrorist', 'Syria', 'SyrianArmy', 'Syrians']",[]
"['PalestinianLivesMatter', 'FreePalestine', 'Palestina']",[]
"['کرونا', 'کوروش', 'ری_استارت']",['http://voiceofrestart.peek.link/hxU']
"['Russian', 'Syria', 'Syrian', 'Syrianarmy']",[]
"['Palestina', 'FreePalestine', 'PalestinaLibre']",[]
['TrumpCantRideABike'],[]
"['BlackLivesMatter', 'PoliceBrutality', 'DefundThePolice']",['https://go.squidapp.co/n/exCPRul']
"['terrorists', 'Iraq', 'Iraqi']",[]
"['Palestina', 'FreePalestine', 'PalestinaLibre']",[]
"['Palestina', 'FreePalastine', 'PalestinaLibre']",[]
"['US', 'Iraq', 'Syria', 'USA', 'MiddleEast']",[]
"['PortlandStrong', 'SeattleRiots', 'WallAgainstTrump', 'seattleprotests']",[]
"['Iraq', 'iraqprotests', 'Iraqi', 'coronavirus']",[]
[],[]
[],[]
[],[]
"['ViolencesPolicières', 'reformedesretraites', 'GiletsJaunes', 'GreveGenerale']",[]
[],[]
['thursdayvibes'],[]
"['IraqProtests', 'MillionManMarch']",[]
"['TrumpkillsAmericans', 'BidenHarrisLandslide2020']",[]
"['Ramadan', 'mondaythoughts']",[]
['EidAlAdha'],[]
['TrumpChaos'],[]
"['COVID19', 'COVID2019', 'Covid_19']",[]
"['GraciasPuebloHeroico', 'GraciasIran', 'IranyVenezuelaContraBloqueo']",[]
"['vaccino', 'vaccinoCovid', 'COVID']",[]
['ByeKayleigh'],[]
"['DiaDelLibro', 'EEUU', '23Abril']",[]
"['FelizViernes', '13Mar', 'BuenViernes']",[]
"['FelizJueves', '9Abr', 'BuenJueves']",[]
"['Trump2020', 'Trump', 'TrumpCantRideABike']",[]
"['Palestine', 'PalestinaLibre', 'palestinewillbefree', 'Palestinians']",[]
"['Tsunami', 'tsunamiwarning', 'Alaska']",[]
"['FelizViernes', '8may', 'BuenosDiasATodos']",[]
"['BuenasNoches', 'FelizLunes', '22Junio']",[]
"['coronavirus', 'CuarentenaEnUnion', '1Mayo']",[]
"['Venezuela', 'VenezuelaLevantate', 'VzlaEnProtestaActiva']",[]
['realDonaldTrump'],[]
['IWannaSeeSomePandASS'],[]
"['Trump2020', 'coronavirus', 'protest', 'Portland']",[]
[],['https://bracingviews.com/2020/04/08/the-u-s-military-the-founders-and-original-intent/']
"['Protest', 'racism', 'coronavirus']",[]
['BrokeAssPresident'],[]
"['frasesmotivadoras', 'energiapositiva', 'PositiveVibes']",[]
"['BlackLivesMatters', 'MinneapolisPoliceMurderdHim', 'MinneapolisPoliceMurderdHim']",[]
['Covid19'],[]
"['BidenHarris2020', 'VoteTrumpOut', 'VoteBlueToEndThisNightmare']",[]
['protests'],[]
"['Trump', 'TrumpResignNow']",[]
"['PalestinianLivesMatter', 'Palestine', 'PalestinaLibre']",[]
"['TrumpIsACompleteFailure', 'TrumpLiesEverytimeHeSpeaks']",[]
[],[]
[],[]
[],[]
[],[]
[],[]
[],[]
[],[]
[],[]
[],[]
[],[]
[],[]
[],[]
[],[]
['کریم_باقری'],[]
[],[]
[],[]
[],[]
[],[]
['پرسپوليس'],[]
[],[]
[],[]
['LiveLikeAli'],[]
['Arbaeen2019'],[]
"['شاهنشاه_آریامهر', 'جاویدشاه']",[]
[],['https://m.cnnindonesia.com/nasional/20190822193925-20-423903/anies-soal-pkl-rakyat-kecil-melanggar-hukum-karena-kebutuhan']
"['پیمان_نوین', 'پرسپوليس']",[]
['MahasiswaBergerak'],[]
['FailedModernSlavery'],[]
"['harialquds2020', 'Palestine', 'QudsDay', 'PalestineResistance', 'PalestineWillBeFree']",[]
"['Palestina', 'Palestine', 'PalestineWillBeFree']",[]
['FailedModernSlavery'],[]
['MenolakLupaKejahatanISIS'],[]
['HariPahlawan2019'],[]
"['Palestine', 'PalestineWillBeFree']",[]
[],[]
[],[]
[],[]
"['BubarkanCegahCorona', 'RSDaruratCorona', 'KitaDirumahAjaYa', 'BersamaPerjuangkanCinta']",[]
"['الهند_تضطهد_المسلمین', 'MuslimsGenocideInIndiaAndIOK']",[]
"['CoalitionofdeceptionandFraud', 'BidenVP', 'BidenHarris2020']",[]
['عراقي_ومن_حقي_أسأل'],[]
"['GoodNews', 'Biden52', 'Biden']",[]
['مليونية_سيادة_العراق'],[]
"['SaveTheDayIn3Words', 'Trump2020', 'Biden2020']",[]
"['العراق', 'البصرة']",[]
['المتظاهرین_مع_الحشد'],[]
"['الحشد_الشعبي', 'العراق']",[]
"['ProtestAgainstExamInCOVID', 'PortlandProtest', 'BlackLivesMatter']",[]
[],[]
"['TrumpIsNotWell', 'TrumpIsANationalDisgrace', 'Trumpdosentcare', 'BidenHarrisLandslide2020']",[]
[],[]
"['الهند_تضطهد_المسلمین', 'MuslimsGenocideInIndiaAndIOK']",[]
"['مليونية_سيادة_العراق', 'ثوره_العشرين_الثانيه_2020']",[]
['DoSomething'],[]
"['BidenHarrisToSaveAmerica', 'Trump', 'Biden']",[]
['مليونية_سيادة_العراق'],[]
"['Palestine', 'PalestineWillBeFree', 'PalestineResistance']",[]
[],[]
"['Palestine', 'PalestineWillBeFree', 'PalestineResistance', 'Ramadan', 'COVIDー19']",[]
['Hussain'],[]
"['InternationalJusticeDay', 'HariKeadilanInternational']",[]
"['InternationalJusticeDay', 'HariKeadilanInternational']",[]
['MaulidNabi2020'],[]
"['ArbainHusain', 'Arbaeen2020']",[]
['UAEBetraysPalestine'],[]
"['ArbainHusain', 'Arbaeen2020']",[]
['KaabaUnitesUs'],[]
"['InternationalJusticeDay', 'HariKeadilanInternasional']",[]
"['Palestine', 'PalestineWillBeFree', 'PalestineResistance', 'COVID19']",[]
"['Palestine', 'PalestineWillBeFree']",[]
"['Palestine', 'PalestineWillBeFree', 'HariAlQuds2020']",[]
"['Palestine', 'PalestineWillBeFree', 'PalestineResistance', 'COVIDー19', 'Ramadhan']",[]
"['Palestine', 'PalestineWillBeFree', 'PalestineResistance', 'COVIDー19', 'Ramadhan']",[]
"['TrumpHatesOurMilitary', 'TrumpIsALoser', 'TrumpHatesVets']",[]
"['InternationalJusticeDay', 'HariKeadilanInternational']",[]
"['Palestine', 'PalestineWillBeFree']",[]
"['Palestine', 'PalestineWillBeFree', 'PalestineResistance', 'Ramadan', 'COVIDー19']",[]
"['Palestine', 'PalestineWillBeFree', 'PalestineResistance', 'COVID19']",[]
"['Palestine', 'PalestineWillBeFree', 'HariAlQuds2020']",[]
['KaabaUnitesUs'],[]
"['Palestine', 'PalestineWillBeFree', 'PalestineResistance']",[]
['MaulidNabi2020'],[]
"['InternationalJusticeDay', 'HariKeadilanInternational']",[]
"['Palestine', 'PalestineWillBeFree', 'PalestineResistance']",[]
"['Palestine', 'PalestineWillBeFree', 'PalestineResistance', 'COVID19']",[]
['LiveLikeAli'],[]
['LiveLikeAli'],[]
"['Palestine', 'PalestineWillBeFree', 'PalestineResistance']",[]
"['InternationalJusticeDay', 'HariKeadilanInternational']",[]
['Hussain'],[]
"['Palestine', 'PalestineWillBeFree', 'PalestineResistance', 'harialquds2020']",[]
['BelaMuhammad'],[]
"['Palestine', 'PalestineWillBeFree', 'PalestineResistance']",[]
"['Palestine', 'PalestineWillBeFree', 'HariAlQuds2020']",[]
"['Palestine', 'PalestineWillBeFree', 'PalestineResistance', 'COVID19']",[]
"['Palestine', 'PalestineWillBeFree', 'PalestineResistance']",[]
[],[]
"['PalestineWillBeFree', 'Palestine']",[]
"['PalestineWillBeFree', 'Palestine']",[]
"['InternationalJusticeDay', 'HariKeadilanInternasional']",[]
[],[]
['HariIbu'],[]
"['quote', 'HikmahIslami']",[]
"['فیلتر_شکن', 'موقت']",[]
"['PalestineWillBeFree', 'Palestine']",[]
"['ArbainHusain', 'Arbaeen2020']",[]
"['PalestineWillBeFree', 'Palestine']",[]
['TerimaKasihGuru'],[]
['LiveLikeAli'],[]
[],[]
['UAEBetraysPalestine'],[]
[],[]
['UAEBetraysPalestine'],[]
"['صداوسيما', 'اخبار_شبکه_یک', 'مجری_خبری', 'موقت']",[]
[],[]
"['PalestineWillBeFree', 'Palestine', 'HariAlQuds2020']",[]
"['PalestineWillBeFree', 'PalestineResistance', 'Palestine']",[]
"['InternationalJusticeDay', 'HariKeadilanInternasional']",[]
['Hussain'],[]
"['jawa', 'InternationalJusticeDay', 'HariKeadilanInternasional']",[]
['BelaMuhammad'],[]
['HikmahIslami'],[]
"['PalestineWillBeFree', 'Palestine', 'HariAlQuds2020']",[]
['Hussain'],[]
"['Palestine', 'PalestineWillBeFree']",[]
[],[]
"['PalestineWillBeFree', 'Palestine']",[]
"['شاهرخ_استخری', 'بازیگرا_مورد_علاقه', 'کیانوریوز']",[]
"['PalestineWillBeFree', 'Palestine']",[]
['MenangkanAlQuds'],[]
"['QudsDay', 'Palestine', 'FlyTheFlag']",[]
['TrumpIsATraitor'],[]
"['reformedesretraites', 'greve28janvier', 'Giletsjaunes', 'PompiersEnColere', 'Macron', 'France', 'VIDEO', 'pompiers']",[]
['Argenteuil'],[]
"['Gabriel', 'ViolencesPolicieres']",[]
"['SaturdayVibes', 'Love']",[]
['ProphetMuhammad'],[]
[],[]
['TedCruz'],[]
['Isreal'],[]
[],[]
"['shutupman', 'Debates2020', 'TrumpMeltdown']",[]
"['TrumpCovid', 'Trump', 'TrumpMeltdown']",[]
"['TrumpDictatorship', 'VoteBlue']",[]
"['Trump', 'TrumpHasBloodOnHisHands']",['https://www.vox.com/platform/amp/2020/2/26/21154253/trump-ebola-tweets-coronavirus?__twitter_impression=true']
"['TrumpPressConference', 'TrumpTheRapist', 'TrumpLiedPeopleDied']",[]
"['Trump', 'Trump2020', 'USA']",[]
"['HumanRights', 'HumanRightsViolations', 'BlackLivesMatter', 'PalestinianLivesMater']",[]
"['HumanRights', 'HumanRightsViolations', 'France']",[]
"['TrumpMeltdown', 'TrumpChaos', 'TrumpHatesVeterans']",[]
"['Israel', 'Palestine', 'HumanRightsViolations']",[]
[],[]
"['الهی_عظم_البلا', 'یا_باب_الحوائج', 'قرار_عاشقی']",[]
[],[]
['كرونا'],[]
[],[]
"['PalestinianLivesMatter', 'FreePalestine', 'Palestina']",[]
"['Palestinian', 'FreePalestine', '16Agosto']",[]
"['Palestina', 'FreePalestine', '5Septiembre']",[]
['RIPJohnLewis'],[]
"['GenZ', 'VoteBlueToSaveAmerica', 'tiktokban']",[]
['TruthMatters'],[]
['IStandWithTuckerCarlson'],[]
[],[]
"['coronavirus', 'BlueWave2020', 'BidenHarris', 'TrumpIsALoser']",[]
['Brokeahontas'],[]
['TrumpIsLosing'],[]
"['TrumpRussia', 'TrumpUkraine', 'ImpeachTheMFTraitor', 'ImpeachmentTaskForce', 'PutinsPuppets']",[]
"['FakePresident', 'ImpeachmentInquiry', 'Whistleblower']",['https://www.baltimoresun.com/opinion/readers-respond/bs-ed-rr-whistleblower-letter-20190930-po6cky4v3zavbaxyx6ytp4jray-story.html']
['TrumpIsACompleteFailure'],[]
"['Manitowoc', 'BidenHarrisLandslide2020', 'Bluewave']",[]
[],[]
['VoteBlueToSaveAmerica'],[]
"['Kristallnacht', 'WeRemember']",[]
"['DemDebate', 'democraticdebates']",[]
"['GeorgeFloyd', 'PoliceBrutality', 'BakeOffArgentina']",[]
['TrumpCheats'],[]
['MorningJoe'],[]
"['France', 'COVID19', 'racism']",[]
"['HillaryEmails', 'HillaryClinton', 'Trump2020LandslideVictory', 'Biden']",[]
[],[]
['makeup'],[]
[],[]
"['Trump2020', 'RestartLeader']",[]
[],[]
"['VoteBiden', 'NBCBlackout', 'TrumpIsALaughingStock']",[]
"['ClimateChange', 'changementclimatique', 'Tiredearth']",[]
"['Tiredearth', 'Environnement', 'pollution']",[]
"['DictatorTrump', 'DoSomething']",[]
[],[]
['apbio'],[]
['RickPerry'],[]
['COVID19'],[]
['TrumpIsALoser'],[]
"['blind', 'Yemen', 'yemenisarehumans']",[]
['TrumpGibberish'],[]
['PandemicIn5Words'],[]
['ImpeachTrumpAgain'],[]
"['BidensCognitiveDecline', 'LoseWithBiden', 'BernieSurge', 'BernieSanders']",['https://thehill.com/homenews/campaign/461208-biden-mistakenly-refers-to-sanders-as-the-president-during-debate']
"['TrumpIsALoser', 'WorstPresidentEver']",[]
"['MichiganPrimary', 'MichiganVotes', 'MissouriPrimary', 'BernieSurge', 'BernieSanders']",[]
[],[]
['MuslimsGenocideInIndiaAndIOK'],[]
['DeSantisResignNow'],[]
"['FelizJuevesATodos', 'BuenasNoches', '10Sept']",[]
"['BuenosDias', 'FelizDomingoATodos', '2Agosto']",[]
['JaredIsEvil'],[]
"['Trump', 'GOPComplicitTraitors', 'Europe', 'TrumpIsACompleteFailure']",[]
"['TrumpIsALoser', 'TrumpIsALoser']",[]
['undergod'],[]
['TrumpsVaccineIsALie'],[]
['Medicare'],[]
[],[]
[],[]
"['Election2020', 'BlackLivesMatter']",[]
"['ImpeachDonaldTrumpNOW', 'veteransforimpeachment']",[]
['ImpeachDonaldTrumpNOW'],[]
"['impeachment', 'ImpeachDonaldTrumpNOW']",[]
['SaveThePostOffice'],[]
"['PresidentSnowflake', 'tiktokban', 'TikTok']",[]
"['ByeIvanka', 'UnwantedIvanka']",[]
"['ImpeachTrumpAgain', 'TrumpIsACriminal']",[]
[],[]
[],[]
['DictatorTrump'],[]
[],[]
"['HumanRights', 'COVID2019']",['https://www.theglobeandmail.com/canada/article-human-rights-dont-have-a-best-before-date-covid-19-lays-bare/']
"['HumanRightsViolations', 'Humanrights', 'HongKongNeedsHelp']",[]
"['TrumpMeltdown', 'Trump', 'TrumpIsALaughingStock']",[]
[],[]
"['racism', 'FvckTheFourth']",[]
[],[]
"['Trump', 'TrumpIsACompleteFailure', 'USA']",[]
"['HumanRights', 'HumanRightsViolations', 'Indonesia']",['https://www.eastasiaforum.org/2020/01/31/how-is-indonesias-human-rights-record-stacking-up/']
"['Trump', 'TrumpIsALaughingStock', 'USA']",[]
"['Palestine', 'HumanRights']",[]
"['HumanRights', 'HumanRightsViolations']",['https://www.sbs.com.au/news/australia-is-considering-adopting-a-new-law-to-target-human-rights-abusers']
[],[]
"['HumanRights', 'Yemen', 'HumanRightsViolations']",[]
"['COVID__19', 'Corona', 'coronavirus']",['https://www.hrw.org/news/2020/04/15/covid-19-restrictions-offer-window-palestinian-experience?fbclid=IwAR37y_wOkWajSKFvp3aoCUeOXj0qa6Aih1YIFAVIg0ljxLNScDluo9xGW8E']
"['TrumpMeltdown', 'TrumpCrimeFamily', 'TrumpTaxes']",[]
"['SaudiArabia', 'Trump', 'USA']",['https://edition.cnn.com/2020/01/16/politics/saudi-arabia-us-troops-payment/index.html']
"['COVID19', 'Palestinewillbefree', 'PalestinaLibre']",[]
"['FelizJueves', '18Junio', 'BuenDia']",[]
"['FelizSábado', 'BuenosDiasATodos', '19Septiembre']",[]
"['BuenasNochesATodos', 'FelizLunes', '21sep']",[]
"['BuenosDias', 'FelizMartes', '5Mayo']",[]
"['TrumpMeltdown', 'Adderall']",[]
"['NuestraFuerzaEsLaPaz', 'EscudoBolivariano2020', 'EnDirectoConElGobernador75']",[]
['YOUREFIRED'],[]
"['LasVegas', 'racism', 'apocalypse2020']",[]
"['palestina', 'palestinalibre', 'palestinianlives']",[]
[],[]
"['JoeBiden', 'Israel', 'PalestinianLivesMatter']",[]
"['BeirutExplosion', 'BeirutInOurHearts', 'Libano']",[]
"['Antifa', 'AntifaTerrorists', 'Antifasetfires']",['https://edition.cnn.com/2020/09/11/tech/qanon-oregon-fire-conspiracy-theory/index.html']
"['streetPreaching', 'TuesdayThoughts', 'BlackLivesMatter']",[]
['RafikHariri'],['http://thealtworld.com/marwa_osman/betraying-palestine-mes-ep-69']
['MaulidNabi2020'],[]
"['venezuela', 'EstadosUnidos', 'sancion', 'NicolasHombreDePaz']",[]
['TheAltWorld'],['http://thealtworld.com/anthony_cartalucci/nations-should-begin-removing-facebook-twitter-and-google-from-their-information-space']
['Russiagate'],['http://thealtworld.com/paul_craig_roberts/has-the-durham-investigation-of-the-russiagate-hoax-been-deep-sixed']
[],[]
['MaulidNabi2020'],[]
"['TrumpMeltdown', 'TrumpIsATraitor', 'ImNoLongerAllowed']",[]
"['Trump', 'president']",[]
"['AllCountriesMatter', 'ProudToBeAnAmerican', 'Trump2020Landslide']",[]
"['TrumpHatesOurVeterans', '1millioninniters', 'MansplainAnything']",[]
"['Iran', 'JCPOA']",['http://thealtworld.com/alan_macleod/us-remains-defiant-promises-new-sanctions-after-un-rejects-anti-iran-measures']
"['ArbainHusain', 'Arbaeen2020']",[]
['BelaNegara'],[]
[],[]
['racism'],['http://thealtworld.com/paul_craig_roberts/ulysses-s-grant-racist']
"['nabimuhammad', 'MaulidNabi2020']",[]
"['ArbainHusain', 'Arbaeen2020']",[]
['BelaNegara'],[]
['Guaido'],[]
"['DerechosHumanos', 'BoliviaLibre', 'bolivianecesitamas']",[]
[],[]
['JusticeForFloyd'],['http://thealtworld.com/gordon_duff/trump-and-netanyahus-race-war-begins-in-minnesota']
"['SpeakingOut', 'usprotests', 'racist']",[]
['MaulidNabi2020'],[]
[],[]
"['Trump', 'Israel', 'Beirut', 'BeirutBlast']",['http://thealtworld.com/gordon_duff/israel-hits-beirut-with-nuclear-missile-trump-and-lebanese-govt-confirm-continually-updatingisrael-hits-beirut-with-nuclear-missile-trump-and-lebanese-govt-confirm']
"['Ukraine', 'BlackLivesMatter']",[]
"['MarcusThuram', 'GeorgeFloyd']",[]
"['debate', 'debates', 'DebateNight']",[]
"['GeorgeFloyd', 'ICantBreathe']",['https://www.msnbc.com/msnbc/watch/new-video-shows-another-angle-of-george-floyd-being-restrained-by-police-84061253930?cid=sm_npd_ms_tw_ma']
['animallovers'],[]
"['Iran', 'Trump', 'WorldWar3']",[]
"['BlakeLivesMatter', 'GeorgeFloyd', 'GeorgeFloydFuneral']",[]
"['BlackLivesMattter', 'TrumpOut2020', 'nycprotests', 'PoliceBrutality', 'protests2020']",[]
"['TraitorTrump', 'VoteBlueToSaveAmerica']",[]
"['Iranians', 'GeorgeFloyd', 'BlackLivesMatters']",['https://behdasht.news/fa/news-details/153903/%D9%85%D8%B1%D8%AF%D9%85-%D8%A7%DB%8C%D8%B1%D8%A7%D9%86-%D8%A8%D9%87-%DB%8C%D8%A7%D8%AF-%D8%AC%D9%88%D8%B1%D8%AC-%D9%81%D9%84%D9%88%DB%8C%D8%AF-%D8%B4%D9%85%D8%B9-%D8%B1%D9%88%D8%B4%D9%86-%DA%A9%D8%B1%D8%AF%D9%86%D8%AF-+-%D8%B9%DA%A9%D8%B3/']
"['GenZ', 'tiktokteens', 'kpopstans']",['https://www.nytimes.com/2020/06/21/style/tiktok-trump-rally-tulsa.html']
"['NATO', 'Macron', 'Trump']",[]
"['ItWasAllGoingGreatUntil', 'HappyBirthdayObama']",[]
"['2020Election', 'TrumpPressConference']",[]
"['GeorgeFloyd', 'VoteBlue']",[]
['COVID19'],[]
['TrumpFailure'],[]
[],[]
"['عاجل', 'سوريا']",[]
['اهل_البيت_خط_احمر'],[]
"['عاجل', 'أميركا']",[]
"['COVID__19', 'coronavirus', 'COVID']",[]
['اهل_البيت_خط_احمر'],[]
"['CoronaVirusUpdates', 'Corona', 'Coronavirusmexico']",[]
"['CoronavirusPandemic', 'Covid_19', 'EEUU']",[]
"['الهند_تضطهد_المسلمین', 'MuslimsGenocideInIndiaAndIOK']",[]
['صفقة_التطبيع'],[]
"['Venezuela', 'Colombia', 'EEUU']",[]
"['COVIDー19', 'coronapocolypse', 'CoronaVirusUpdates']",[]
['مليونية_سيادة_العراق'],[]
['اهل_البيت_خط_احمر'],[]
"['hosnimubarak', '25Febrero', 'Egipto']",[]
"['BlackLivesMattters', 'racism', 'Trump2020NowMoreThanEver']",[]
['مليونية_سيادة_العراق'],[]
"['CoronavirusPandemic', 'Covid_19', 'PresidentSanders']",[]
"['ChileJuntos', 'ChileViolatesHumanRights', '13Feb']",[]
['TrumpLied200KDied'],[]
['No2IRChinaTreaty'],[]
['FakeMelania'],[]
['DropOutBernie'],[]
[],[]
['ImpeachingHearing'],[]
[],[]
"['TrumpIsLosing', 'CoronaVirusUpdates']",[]
[],[]
"['LiberalismIsAMentalDisorder', 'SocialismKills', 'KAG2020TRUMPVICTORY']",[]
['TrumpIsLosing'],[]
[],[]
['IStandWithIlhan'],[]
['August27'],[]
['BidenWonTheDebate'],[]
['EvictTrump'],[]
['RepJohnLewisLost'],[]
"['frasesdereflexion', 'positivity']",[]
['frasesderelexion'],[]
"['TrumpKillsFlorida', 'TrumpEstaMatandoFlorida']",[]
[],[]
['TrumpkillsAmericans'],[]
['frasesdereflexion'],[]
['TrumpRally'],[]
[],[]
['طلوع_امپراتوری_کورش'],[]
"['لیدر_میلیونها_ایرانی', 'اوباما', 'کلینتون', 'کری', 'بایدن']",['https://twitter.com/restartleader/status/1309865098991689729?s=21']
"['العراق', 'الحشد_الشعبي']",[]
['FreePalestine'],[]
['مليونية_سيادة_العراق'],[]
['coronavirus'],[]
['صفقة_التطبيع'],[]
['المتظاهرین_مع_الحشد'],[]
['العراق_أقوى'],[]
['مليونية_سيادة_العراق'],[]
['protests2020'],[]
['عراقي_ومن_حقي_أسأل'],[]
"['مليونية_سيادة_العراق', 'ثوره_العشرين_الثانيه_2020']",[]
['عراقي_ومن_حقي_أسأل'],[]
['المتظاهرین_مع_الحشد'],[]
"['العراق_لن_یحترق', 'ایران_والعراق_لایمکن_الفراق']",[]
['StupidityIn4Words'],[]
"['العراق_لن_یحترق', 'ایران_والعراق_لایمکن_الفراق']",[]
"['رضا_شاه', 'زمین_خوار', 'شاهزاده_رضا_پهلوی', 'حکومت_پهلوی', 'آزادی']",[]
"['اختناق', 'انسداد_فرهنگی']",[]
"['HumanRights', 'Israel', 'Israelcriminal']",[]
['WalkingDead'],[]
"['LockHimUp', 'Melania', 'BooTrump', 'WorldSeries']",[]
"['CriminalTrump', 'FridayThoughts']",[]
"['Israel', 'Palestine']",['https://nypost.com/2020/02/14/the-uns-anti-israel-blacklist-will-harm-a-lot-of-palestinians/']
"['coronavirus', 'Israel', 'CoronavirusOutbreak']",['https://www.haaretz.com/israel-news/business/.premium-israeli-tourism-officials-worry-that-coronavirus-will-cause-sector-s-collapse-1.8593144']
"['TrumpDementiaSyndrome', 'TrumpDenies', 'TrumpTraitor']",[]
"['HumanRights', 'HumanRightsViolations', 'HongKongProtests']",[]
"['coronavirus', 'COVID19']",[]
"['coronavirus', 'Corona', 'CoronaVirusUpdate']",[]
"['HumanRights', 'HumanRightsViolations', 'BlackLivesMatter']",[]
"['HumanRights', 'TrumpResignNow', 'BarrResign']",[]
['EarthquakingTunes'],[]
"['ImpeachTrump', 'ImpeachBarr', 'Barr']",['https://www.washingtonpost.com/national-security/barr-doesnt-accept-key-inspector-general-finding-about-fbis-russia-investigation/2019/12/02/4464f018-154d-11ea-a659-7d69641c6ff7_story.html#click=https://t.co/wci7Th8BiW']
"['Covid_19', 'coronadebat', 'Trump']",['https://www.washingtonpost.com/nation/2020/09/02/coronavirus-covid-live-updates-us/']
"['TrumpCoupPlot', 'TrumpDestroysDemocracy', 'coronavirus', 'COVIDー19']",['https://www.nytimes.com/2020/09/25/world/asia/trump-united-states.html?smtyp=cur&smid=tw-nytimes']
"['HumanRights', 'Yemen', 'coronavirus']",[]
"['TrumpLied200KDied', 'TrumpRally', 'TrumpTownHall', 'HumanRights']",['https://www.washingtonpost.com/opinions/2020/09/14/trump-joins-worlds-worst-human-rights-violators-waging-war-icc/']
['مليونية_سيادة_العراق'],[]
"['EEUU', 'Venezuela', '21Septiembre']",[]
['صفقة_التطبيع'],[]
"['Chile', 'ChileDespertó', 'Chilenos']",[]
['اهل_البيت_خط_احمر'],[]
[],[]
"['الهند_تضطهد_المسلمین', 'MuslimsGenocideInIndiaAndIOK']",[]
"['الهند_تضطهد_المسلمین', 'MuslimsGenocideInIndiaAndIOK']",[]
"['BlackLivesMattters', 'GeorgeFloydprotest', 'Berlin']",[]
"['COVID2019', 'CoronavirusPandemic', 'Covid_19']",[]
"['Colombia', 'ColombiaDespierta', '23Sept']",[]
"['الهند_تضطهد_المسلمین', 'MuslimsGenocideInIndiaAndIOK']",[]
"['chiledespertó', 'Chile', '15Mayo']",[]
"['Chile', 'COVID19', 'coronavirus']",[]
"['COVID19', 'COVID19outbreak', 'coronavirus']",[]
"['Venezuela', 'FuriaBolivariana', '5Mayo']",[]
"['Coronavirusnyc', 'COVID19', 'Coronafighters']",[]
"['HabilitenLaDemocracia', 'Bolivia', 'EvoMorales']",[]
['SemangatSenin'],[]
['KenaikanIsaAlmasih'],[]
"['kaabaunitesus', 'Hajj2019']",['https://www.liputan6.com/surabaya/read/4031171/cerita-warga-asal-pasuruan-jadi-korban-dugaan-penipuan-ibadah-haji']
['AyoWisataKePalembang'],[]
